Series Name,Series Code,Country Name,Country Code,2017 [YR2017],2018 [YR2018],2019 [YR2019],2020 [YR2020],2021 [YR2021],2022 [YR2022]
People with basic handwashing facilities including soap and water (% of population),SH.STA.HYGN.ZS,Afghanistan,AFG,37.84713186,37.93172009,38.02113959,38.11505004,..,..
People with basic handwashing facilities including soap and water (% of population),SH.STA.HYGN.ZS,Africa Eastern and Southern,AFE,23.4664247663347,23.3765935203934,23.3136141765693,23.2526559493572,..,..
People with basic handwashing facilities including soap and water (% of population),SH.STA.HYGN.ZS,Africa Western and Central,AFW,27.7293784617808,28.2974697356116,28.5644904837316,28.3255179093848,..,..
People with basic handwashing facilities including soap and water (% of population),SH.STA.HYGN.ZS,Albania,ALB,..,..,..,..,..,..
People with basic handwashing facilities including soap and water (% of population),SH.STA.HYGN.ZS,Algeria,DZA,84.25496007,84.38397549,84.50756077,84.62598032,..,..
People with basic handwashing facilities including soap and water (% of population),SH.STA.HYGN.ZS,American Samoa,ASM,..,..,..,..,..,..
People with basic handwashing facilities including soap and water (% of population),SH.STA.HYGN.ZS,Andorra,AND,..,..,..,..,..,..
People with basic handwashing facilities including soap and water (% of population),SH.STA.HYGN.ZS,Angola,AGO,26.68230262,26.82229525,26.95980034,27.09419377,..,..
People with basic handwashing facilities including soap and water (% of population),SH.STA.HYGN.ZS,Antigua and Barbuda,ATG,..,..,..,..,..,..
People with basic handwashing facilities including soap and water (% of population),SH.STA.HYGN.ZS,Arab World,ARB,72.3509776454795,74.5952793121694,74.3294361075648,..,..,..
People with basic handwashing facilities including soap and water (% of population),SH.STA.HYGN.ZS,Argentina,ARG,..,..,..,..,..,..
People with basic handwashing facilities including soap and water (% of population),SH.STA.HYGN.ZS,Armenia,ARM,94.0429415,94.70579809,94.70978978,94.71515011,..,..
People with basic handwashing facilities including soap and water (% of population),SH.STA.HYGN.ZS,Aruba,ABW,..,..,..,..,..,..
People with basic handwashing facilities including soap and water (% of population),SH.STA.HYGN.ZS,Australia,AUS,..,..,..,..,..,..
People with basic handwashing facilities including soap and water (% of population),SH.STA.HYGN.ZS,Austria,AUT,..,..,..,..,..,..
People with basic handwashing facilities including soap and water (% of population),SH.STA.HYGN.ZS,Azerbaijan,AZE,89.30401787,..,..,..,..,..
People with basic handwashing facilities including soap and water (% of population),SH.STA.HYGN.ZS,"Bahamas, The",BHS,..,..,..,..,..,..
People with basic handwashing facilities including soap and water (% of population),SH.STA.HYGN.ZS,Bahrain,BHR,..,..,..,..,..,..
People with basic handwashing facilities including soap and water (% of population),SH.STA.HYGN.ZS,Bangladesh,BGD,48.49695897,51.82701989,55.12933108,58.40395427,..,..
People with basic handwashing facilities including soap and water (% of population),SH.STA.HYGN.ZS,Barbados,BRB,..,..,..,..,..,..
People with basic handwashing facilities including soap and water (% of population),SH.STA.HYGN.ZS,Belarus,BLR,..,..,..,..,..,..
People with basic handwashing facilities including soap and water (% of population),SH.STA.HYGN.ZS,Belgium,BEL,..,..,..,..,..,..
People with basic handwashing facilities including soap and water (% of population),SH.STA.HYGN.ZS,Belize,BLZ,89.40937052,90.26509189,90.26999386,90.27548266,..,..
People with basic handwashing facilities including soap and water (% of population),SH.STA.HYGN.ZS,Benin,BEN,10.33946693,10.90160025,11.46615616,12.03316224,..,..
People with basic handwashing facilities including soap and water (% of population),SH.STA.HYGN.ZS,Bermuda,BMU,..,..,..,..,..,..
People with basic handwashing facilities including soap and water (% of population),SH.STA.HYGN.ZS,Bhutan,BTN,88.18403934,89.37374711,90.54091731,91.68614784,..,..
People with basic handwashing facilities including soap and water (% of population),SH.STA.HYGN.ZS,Bolivia,BOL,26.86152814,26.8863367,26.91136135,26.93652778,..,..
People with basic handwashing facilities including soap and water (% of population),SH.STA.HYGN.ZS,Bosnia and Herzegovina,BIH,..,..,..,..,..,..
People with basic handwashing facilities including soap and water (% of population),SH.STA.HYGN.ZS,Botswana,BWA,..,..,..,..,..,..
People with basic handwashing facilities including soap and water (% of population),SH.STA.HYGN.ZS,Brazil,BRA,..,..,..,..,..,..
People with basic handwashing facilities including soap and water (% of population),SH.STA.HYGN.ZS,British Virgin Islands,VGB,..,..,..,..,..,..
People with basic handwashing facilities including soap and water (% of population),SH.STA.HYGN.ZS,Brunei Darussalam,BRN,..,..,..,..,..,..
People with basic handwashing facilities including soap and water (% of population),SH.STA.HYGN.ZS,Bulgaria,BGR,..,..,..,..,..,..
People with basic handwashing facilities including soap and water (% of population),SH.STA.HYGN.ZS,Burkina Faso,BFA,8.906550959,8.946726418,8.980981641,9.008969161,..,..
People with basic handwashing facilities including soap and water (% of population),SH.STA.HYGN.ZS,Burundi,BDI,6.144099344,6.144402361,6.142880037,6.195175517,..,..
People with basic handwashing facilities including soap and water (% of population),SH.STA.HYGN.ZS,Cabo Verde,CPV,..,..,..,..,..,..
People with basic handwashing facilities including soap and water (% of population),SH.STA.HYGN.ZS,Cambodia,KHM,69.97338241,71.29451271,72.59513859,73.87465491,..,..
People with basic handwashing facilities including soap and water (% of population),SH.STA.HYGN.ZS,Cameroon,CMR,35.97291182,36.12214593,36.27062939,36.41861482,..,..
People with basic handwashing facilities including soap and water (% of population),SH.STA.HYGN.ZS,Canada,CAN,..,..,..,..,..,..
People with basic handwashing facilities including soap and water (% of population),SH.STA.HYGN.ZS,Caribbean small states,CSS,..,..,..,..,..,..
People with basic handwashing facilities including soap and water (% of population),SH.STA.HYGN.ZS,Cayman Islands,CYM,..,..,..,..,..,..
People with basic handwashing facilities including soap and water (% of population),SH.STA.HYGN.ZS,Central African Republic,CAF,19.92213115,20.43582687,20.96387887,21.50712991,..,..
People with basic handwashing facilities including soap and water (% of population),SH.STA.HYGN.ZS,Central Europe and the Baltics,CEB,..,..,..,..,..,..
People with basic handwashing facilities including soap and water (% of population),SH.STA.HYGN.ZS,Chad,TCD,22.67192343,23.55393562,24.43171321,25.30452727,..,..
People with basic handwashing facilities including soap and water (% of population),SH.STA.HYGN.ZS,Channel Islands,CHI,..,..,..,..,..,..
People with basic handwashing facilities including soap and water (% of population),SH.STA.HYGN.ZS,Chile,CHL,..,..,..,..,..,..
People with basic handwashing facilities including soap and water (% of population),SH.STA.HYGN.ZS,China,CHN,..,..,..,..,..,..
People with basic handwashing facilities including soap and water (% of population),SH.STA.HYGN.ZS,Colombia,COL,67.5886749,67.73761263,67.88385858,68.02785898,..,..
People with basic handwashing facilities including soap and water (% of population),SH.STA.HYGN.ZS,Comoros,COM,..,..,..,..,..,..
People with basic handwashing facilities including soap and water (% of population),SH.STA.HYGN.ZS,"Congo, Dem. Rep.",COD,18.90934425,18.99626091,19.08407735,19.17279278,..,..
People with basic handwashing facilities including soap and water (% of population),SH.STA.HYGN.ZS,"Congo, Rep.",COG,47.96367251,48.07472621,48.18578211,..,..,..
People with basic handwashing facilities including soap and water (% of population),SH.STA.HYGN.ZS,Costa Rica,CRI,85.20069233,85.43706018,85.67551599,85.91586591,..,..
People with basic handwashing facilities including soap and water (% of population),SH.STA.HYGN.ZS,Cote d'Ivoire,CIV,19.61229506,20.27781047,20.94748305,21.62137555,..,..
People with basic handwashing facilities including soap and water (% of population),SH.STA.HYGN.ZS,Croatia,HRV,..,..,..,..,..,..
People with basic handwashing facilities including soap and water (% of population),SH.STA.HYGN.ZS,Cuba,CUB,88.69194904,89.86191555,91.0320026,92.20205279,..,..
People with basic handwashing facilities including soap and water (% of population),SH.STA.HYGN.ZS,Curacao,CUW,..,..,..,..,..,..
People with basic handwashing facilities including soap and water (% of population),SH.STA.HYGN.ZS,Cyprus,CYP,..,..,..,..,..,..
People with basic handwashing facilities including soap and water (% of population),SH.STA.HYGN.ZS,Czechia,CZE,..,..,..,..,..,..
People with basic handwashing facilities including soap and water (% of population),SH.STA.HYGN.ZS,Denmark,DNK,..,..,..,..,..,..
People with basic handwashing facilities including soap and water (% of population),SH.STA.HYGN.ZS,Djibouti,DJI,..,..,..,..,..,..
People with basic handwashing facilities including soap and water (% of population),SH.STA.HYGN.ZS,Dominica,DMA,..,..,..,..,..,..
People with basic handwashing facilities including soap and water (% of population),SH.STA.HYGN.ZS,Dominican Republic,DOM,46.51949403,46.65420021,46.78163814,46.90197801,..,..
People with basic handwashing facilities including soap and water (% of population),SH.STA.HYGN.ZS,Early-demographic dividend,EAR,67.4600792420472,68.3912919374386,69.0473583803019,68.5630619165154,..,..
People with basic handwashing facilities including soap and water (% of population),SH.STA.HYGN.ZS,East Asia & Pacific,EAS,..,..,..,..,..,..
People with basic handwashing facilities including soap and water (% of population),SH.STA.HYGN.ZS,East Asia & Pacific (excluding high income),EAP,..,..,..,..,..,..
People with basic handwashing facilities including soap and water (% of population),SH.STA.HYGN.ZS,East Asia & Pacific (IDA & IBRD countries),TEA,..,..,..,..,..,..
People with basic handwashing facilities including soap and water (% of population),SH.STA.HYGN.ZS,Ecuador,ECU,87.10794194,87.12834609,87.15064079,87.1749631,..,..
People with basic handwashing facilities including soap and water (% of population),SH.STA.HYGN.ZS,"Egypt, Arab Rep.",EGY,89.82696928,89.8269186,89.82823984,89.83093302,..,..
People with basic handwashing facilities including soap and water (% of population),SH.STA.HYGN.ZS,El Salvador,SLV,90.65361489,90.69958038,..,..,..,..
People with basic handwashing facilities including soap and water (% of population),SH.STA.HYGN.ZS,Equatorial Guinea,GNQ,..,..,..,..,..,..
People with basic handwashing facilities including soap and water (% of population),SH.STA.HYGN.ZS,Eritrea,ERI,..,..,..,..,..,..
People with basic handwashing facilities including soap and water (% of population),SH.STA.HYGN.ZS,Estonia,EST,..,..,..,..,..,..
People with basic handwashing facilities including soap and water (% of population),SH.STA.HYGN.ZS,Eswatini,SWZ,24.14114975,24.19530217,24.25194298,24.31107421,..,..
People with basic handwashing facilities including soap and water (% of population),SH.STA.HYGN.ZS,Ethiopia,ETH,7.958985824,8.0288839,8.100170589,8.172691862,..,..
People with basic handwashing facilities including soap and water (% of population),SH.STA.HYGN.ZS,Euro area,EMU,..,..,..,..,..,..
People with basic handwashing facilities including soap and water (% of population),SH.STA.HYGN.ZS,Europe & Central Asia,ECS,..,..,..,..,..,..
People with basic handwashing facilities including soap and water (% of population),SH.STA.HYGN.ZS,Europe & Central Asia (excluding high income),ECA,..,..,..,..,..,..
People with basic handwashing facilities including soap and water (% of population),SH.STA.HYGN.ZS,Europe & Central Asia (IDA & IBRD countries),TEC,..,..,..,..,..,..
People with basic handwashing facilities including soap and water (% of population),SH.STA.HYGN.ZS,European Union,EUU,..,..,..,..,..,..
People with basic handwashing facilities including soap and water (% of population),SH.STA.HYGN.ZS,Faroe Islands,FRO,..,..,..,..,..,..
People with basic handwashing facilities including soap and water (% of population),SH.STA.HYGN.ZS,Fiji,FJI,..,..,..,..,..,..
People with basic handwashing facilities including soap and water (% of population),SH.STA.HYGN.ZS,Finland,FIN,..,..,..,..,..,..
People with basic handwashing facilities including soap and water (% of population),SH.STA.HYGN.ZS,Fragile and conflict affected situations,FCS,33.4160503688153,32.7788803698952,32.7766863553431,32.663854059431,..,..
People with basic handwashing facilities including soap and water (% of population),SH.STA.HYGN.ZS,France,FRA,..,..,..,..,..,..
People with basic handwashing facilities including soap and water (% of population),SH.STA.HYGN.ZS,French Polynesia,PYF,..,..,..,..,..,..
People with basic handwashing facilities including soap and water (% of population),SH.STA.HYGN.ZS,Gabon,GAB,..,..,..,..,..,..
People with basic handwashing facilities including soap and water (% of population),SH.STA.HYGN.ZS,"Gambia, The",GMB,17.85005323,17.84618582,17.84237698,17.83862487,..,..
People with basic handwashing facilities including soap and water (% of population),SH.STA.HYGN.ZS,Georgia,GEO,91.60953607,91.63822553,91.66734211,91.6969587,..,..
People with basic handwashing facilities including soap and water (% of population),SH.STA.HYGN.ZS,Germany,DEU,..,..,..,..,..,..
People with basic handwashing facilities including soap and water (% of population),SH.STA.HYGN.ZS,Ghana,GHA,41.31647473,41.39238218,41.46759304,41.542221,..,..
People with basic handwashing facilities including soap and water (% of population),SH.STA.HYGN.ZS,Gibraltar,GIB,..,..,..,..,..,..
People with basic handwashing facilities including soap and water (% of population),SH.STA.HYGN.ZS,Greece,GRC,..,..,..,..,..,..
People with basic handwashing facilities including soap and water (% of population),SH.STA.HYGN.ZS,Greenland,GRL,..,..,..,..,..,..
People with basic handwashing facilities including soap and water (% of population),SH.STA.HYGN.ZS,Grenada,GRD,..,..,..,..,..,..
People with basic handwashing facilities including soap and water (% of population),SH.STA.HYGN.ZS,Guam,GUM,..,..,..,..,..,..
People with basic handwashing facilities including soap and water (% of population),SH.STA.HYGN.ZS,Guatemala,GTM,76.66550342,76.71523013,76.76641791,..,..,..
People with basic handwashing facilities including soap and water (% of population),SH.STA.HYGN.ZS,Guinea,GIN,20.25982591,20.32946144,20.40170471,20.47695921,..,..
People with basic handwashing facilities including soap and water (% of population),SH.STA.HYGN.ZS,Guinea-Bissau,GNB,13.5278609,15.05301696,16.58205044,18.11498491,..,..
People with basic handwashing facilities including soap and water (% of population),SH.STA.HYGN.ZS,Guyana,GUY,77.41906727,77.41722039,..,..,..,..
People with basic handwashing facilities including soap and water (% of population),SH.STA.HYGN.ZS,Haiti,HTI,22.86274663,22.56721565,22.26459142,22.37304344,..,..
People with basic handwashing facilities including soap and water (% of population),SH.STA.HYGN.ZS,Heavily indebted poor countries (HIPC),HPC,21.9311011893189,22.2025456985545,22.2281666823553,21.9430582133217,..,..
People with basic handwashing facilities including soap and water (% of population),SH.STA.HYGN.ZS,High income,HIC,..,..,..,..,..,..
People with basic handwashing facilities including soap and water (% of population),SH.STA.HYGN.ZS,Honduras,HND,..,..,..,..,..,..
People with basic handwashing facilities including soap and water (% of population),SH.STA.HYGN.ZS,"Hong Kong SAR, China",HKG,..,..,..,..,..,..
People with basic handwashing facilities including soap and water (% of population),SH.STA.HYGN.ZS,Hungary,HUN,..,..,..,..,..,..
People with basic handwashing facilities including soap and water (% of population),SH.STA.HYGN.ZS,IBRD only,IBD,..,..,..,..,..,..
People with basic handwashing facilities including soap and water (% of population),SH.STA.HYGN.ZS,Iceland,ISL,..,..,..,..,..,..
People with basic handwashing facilities including soap and water (% of population),SH.STA.HYGN.ZS,IDA & IBRD total,IBT,..,..,..,..,..,..
People with basic handwashing facilities including soap and water (% of population),SH.STA.HYGN.ZS,IDA blend,IDB,..,..,..,..,..,..
People with basic handwashing facilities including soap and water (% of population),SH.STA.HYGN.ZS,IDA only,IDX,..,..,..,..,..,..
People with basic handwashing facilities including soap and water (% of population),SH.STA.HYGN.ZS,IDA total,IDA,..,..,..,..,..,..
People with basic handwashing facilities including soap and water (% of population),SH.STA.HYGN.ZS,India,IND,67.49364379,67.58940082,67.68782584,67.78892869,..,..
People with basic handwashing facilities including soap and water (% of population),SH.STA.HYGN.ZS,Indonesia,IDN,89.07706113,91.59156142,94.0763809,94.10706813,..,..
People with basic handwashing facilities including soap and water (% of population),SH.STA.HYGN.ZS,"Iran, Islamic Rep.",IRN,..,..,..,..,..,..
People with basic handwashing facilities including soap and water (% of population),SH.STA.HYGN.ZS,Iraq,IRQ,95.29827903,96.00079022,96.69759436,97.38824004,..,..
People with basic handwashing facilities including soap and water (% of population),SH.STA.HYGN.ZS,Ireland,IRL,..,..,..,..,..,..
People with basic handwashing facilities including soap and water (% of population),SH.STA.HYGN.ZS,Isle of Man,IMN,..,..,..,..,..,..
People with basic handwashing facilities including soap and water (% of population),SH.STA.HYGN.ZS,Israel,ISR,..,..,..,..,..,..
People with basic handwashing facilities including soap and water (% of population),SH.STA.HYGN.ZS,Italy,ITA,..,..,..,..,..,..
People with basic handwashing facilities including soap and water (% of population),SH.STA.HYGN.ZS,Jamaica,JAM,..,..,..,..,..,..
People with basic handwashing facilities including soap and water (% of population),SH.STA.HYGN.ZS,Japan,JPN,..,..,..,..,..,..
People with basic handwashing facilities including soap and water (% of population),SH.STA.HYGN.ZS,Jordan,JOR,..,..,..,..,..,..
People with basic handwashing facilities including soap and water (% of population),SH.STA.HYGN.ZS,Kazakhstan,KAZ,99.00881855,99.00927575,99.00982907,..,..,..
People with basic handwashing facilities including soap and water (% of population),SH.STA.HYGN.ZS,Kenya,KEN,26.62376287,26.66692495,26.71091571,26.75592337,..,..
People with basic handwashing facilities including soap and water (% of population),SH.STA.HYGN.ZS,Kiribati,KIR,55.40366278,55.46220123,55.51948574,55.57537702,..,..
People with basic handwashing facilities including soap and water (% of population),SH.STA.HYGN.ZS,"Korea, Dem. People's Rep.",PRK,..,..,..,..,..,..
People with basic handwashing facilities including soap and water (% of population),SH.STA.HYGN.ZS,"Korea, Rep.",KOR,..,..,..,..,..,..
People with basic handwashing facilities including soap and water (% of population),SH.STA.HYGN.ZS,Kosovo,XKX,..,..,..,..,..,..
People with basic handwashing facilities including soap and water (% of population),SH.STA.HYGN.ZS,Kuwait,KWT,..,..,..,..,..,..
People with basic handwashing facilities including soap and water (% of population),SH.STA.HYGN.ZS,Kyrgyz Republic,KGZ,95.04364662,96.66621724,98.2842637,99.84921498,..,..
People with basic handwashing facilities including soap and water (% of population),SH.STA.HYGN.ZS,Lao PDR,LAO,55.09651516,55.27301635,55.45090443,55.62990605,..,..
People with basic handwashing facilities including soap and water (% of population),SH.STA.HYGN.ZS,Late-demographic dividend,LTE,..,..,..,..,..,..
People with basic handwashing facilities including soap and water (% of population),SH.STA.HYGN.ZS,Latin America & Caribbean,LCN,..,..,..,..,..,..
People with basic handwashing facilities including soap and water (% of population),SH.STA.HYGN.ZS,Latin America & Caribbean (excluding high income),LAC,..,..,..,..,..,..
People with basic handwashing facilities including soap and water (% of population),SH.STA.HYGN.ZS,Latin America & the Caribbean (IDA & IBRD countries),TLA,..,..,..,..,..,..
People with basic handwashing facilities including soap and water (% of population),SH.STA.HYGN.ZS,Latvia,LVA,..,..,..,..,..,..
People with basic handwashing facilities including soap and water (% of population),SH.STA.HYGN.ZS,Least developed countries: UN classification,LDC,31.2801928217746,31.4670692184798,32.0061755110817,32.4386055093286,..,..
People with basic handwashing facilities including soap and water (% of population),SH.STA.HYGN.ZS,Lebanon,LBN,..,..,..,..,..,..
People with basic handwashing facilities including soap and water (% of population),SH.STA.HYGN.ZS,Lesotho,LSO,5.422505633,5.451063276,5.480228556,5.510136612,..,..
People with basic handwashing facilities including soap and water (% of population),SH.STA.HYGN.ZS,Liberia,LBR,1.188480463,..,..,..,..,..
People with basic handwashing facilities including soap and water (% of population),SH.STA.HYGN.ZS,Libya,LBY,..,..,..,..,..,..
People with basic handwashing facilities including soap and water (% of population),SH.STA.HYGN.ZS,Liechtenstein,LIE,..,..,..,..,..,..
People with basic handwashing facilities including soap and water (% of population),SH.STA.HYGN.ZS,Lithuania,LTU,..,..,..,..,..,..
People with basic handwashing facilities including soap and water (% of population),SH.STA.HYGN.ZS,Low & middle income,LMY,..,..,..,..,..,..
People with basic handwashing facilities including soap and water (% of population),SH.STA.HYGN.ZS,Low income,LIC,20.9700540288851,19.6188009797138,19.6904670036874,19.7432609678154,..,..
People with basic handwashing facilities including soap and water (% of population),SH.STA.HYGN.ZS,Lower middle income,LMC,62.2485186530145,62.7392662272033,63.224039770753,63.7620504817336,..,..
People with basic handwashing facilities including soap and water (% of population),SH.STA.HYGN.ZS,Luxembourg,LUX,..,..,..,..,..,..
People with basic handwashing facilities including soap and water (% of population),SH.STA.HYGN.ZS,"Macao SAR, China",MAC,..,..,..,..,..,..
People with basic handwashing facilities including soap and water (% of population),SH.STA.HYGN.ZS,Madagascar,MDG,25.99297481,26.19207649,26.38428919,26.56996593,..,..
People with basic handwashing facilities including soap and water (% of population),SH.STA.HYGN.ZS,Malawi,MWI,8.703955742,8.223824519,8.240656207,8.258624263,..,..
People with basic handwashing facilities including soap and water (% of population),SH.STA.HYGN.ZS,Malaysia,MYS,..,..,..,..,..,..
People with basic handwashing facilities including soap and water (% of population),SH.STA.HYGN.ZS,Maldives,MDV,95.80286292,95.81186919,95.82091748,95.82998423,..,..
People with basic handwashing facilities including soap and water (% of population),SH.STA.HYGN.ZS,Mali,MLI,16.60501226,16.74616454,16.88659658,17.02576795,..,..
People with basic handwashing facilities including soap and water (% of population),SH.STA.HYGN.ZS,Malta,MLT,..,..,..,..,..,..
People with basic handwashing facilities including soap and water (% of population),SH.STA.HYGN.ZS,Marshall Islands,MHL,84.99645195,85.02105792,85.04498371,85.06834607,..,..
People with basic handwashing facilities including soap and water (% of population),SH.STA.HYGN.ZS,Mauritania,MRT,52.22021748,52.47528189,52.72644032,..,..,..
People with basic handwashing facilities including soap and water (% of population),SH.STA.HYGN.ZS,Mauritius,MUS,..,..,..,..,..,..
People with basic handwashing facilities including soap and water (% of population),SH.STA.HYGN.ZS,Mexico,MEX,89.79834169,89.82111114,89.84379235,..,..,..
People with basic handwashing facilities including soap and water (% of population),SH.STA.HYGN.ZS,"Micronesia, Fed. Sts.",FSM,..,..,..,..,..,..
People with basic handwashing facilities including soap and water (% of population),SH.STA.HYGN.ZS,Middle East & North Africa,MEA,..,..,..,..,..,..
People with basic handwashing facilities including soap and water (% of population),SH.STA.HYGN.ZS,Middle East & North Africa (excluding high income),MNA,..,..,..,..,..,..
People with basic handwashing facilities including soap and water (% of population),SH.STA.HYGN.ZS,Middle East & North Africa (IDA & IBRD countries),TMN,..,..,..,..,..,..
People with basic handwashing facilities including soap and water (% of population),SH.STA.HYGN.ZS,Middle income,MIC,..,..,..,..,..,..
People with basic handwashing facilities including soap and water (% of population),SH.STA.HYGN.ZS,Moldova,MDA,..,..,..,..,..,..
People with basic handwashing facilities including soap and water (% of population),SH.STA.HYGN.ZS,Monaco,MCO,..,..,..,..,..,..
People with basic handwashing facilities including soap and water (% of population),SH.STA.HYGN.ZS,Mongolia,MNG,80.33472787,82.34581116,84.35348203,86.35624385,..,..
People with basic handwashing facilities including soap and water (% of population),SH.STA.HYGN.ZS,Montenegro,MNE,99.24262365,99.24244605,99.24227274,99.24209891,..,..
People with basic handwashing facilities including soap and water (% of population),SH.STA.HYGN.ZS,Morocco,MAR,..,..,..,..,..,..
People with basic handwashing facilities including soap and water (% of population),SH.STA.HYGN.ZS,Mozambique,MOZ,..,..,..,..,..,..
People with basic handwashing facilities including soap and water (% of population),SH.STA.HYGN.ZS,Myanmar,MMR,74.40642148,74.43820253,74.47195518,74.50768887,..,..
People with basic handwashing facilities including soap and water (% of population),SH.STA.HYGN.ZS,Namibia,NAM,44.5999025,..,..,..,..,..
People with basic handwashing facilities including soap and water (% of population),SH.STA.HYGN.ZS,Nauru,NRU,..,..,..,..,..,..
People with basic handwashing facilities including soap and water (% of population),SH.STA.HYGN.ZS,Nepal,NPL,58.07524086,59.44240709,60.79861327,62.14360127,..,..
People with basic handwashing facilities including soap and water (% of population),SH.STA.HYGN.ZS,Netherlands,NLD,..,..,..,..,..,..
People with basic handwashing facilities including soap and water (% of population),SH.STA.HYGN.ZS,New Caledonia,NCL,..,..,..,..,..,..
People with basic handwashing facilities including soap and water (% of population),SH.STA.HYGN.ZS,New Zealand,NZL,..,..,..,..,..,..
People with basic handwashing facilities including soap and water (% of population),SH.STA.HYGN.ZS,Nicaragua,NIC,..,..,..,..,..,..
People with basic handwashing facilities including soap and water (% of population),SH.STA.HYGN.ZS,Niger,NER,20.17914189,21.2791514,22.38148248,23.48584637,..,..
People with basic handwashing facilities including soap and water (% of population),SH.STA.HYGN.ZS,Nigeria,NGA,32.81282331,32.9429398,33.07116236,33.19749375,..,..
People with basic handwashing facilities including soap and water (% of population),SH.STA.HYGN.ZS,North America,NAC,..,..,..,..,..,..
People with basic handwashing facilities including soap and water (% of population),SH.STA.HYGN.ZS,North Macedonia,MKD,99.67465771,99.67437018,99.67404876,99.67368896,..,..
People with basic handwashing facilities including soap and water (% of population),SH.STA.HYGN.ZS,Northern Mariana Islands,MNP,..,..,..,..,..,..
People with basic handwashing facilities including soap and water (% of population),SH.STA.HYGN.ZS,Norway,NOR,..,..,..,..,..,..
People with basic handwashing facilities including soap and water (% of population),SH.STA.HYGN.ZS,Not classified,INX,..,..,..,..,..,..
People with basic handwashing facilities including soap and water (% of population),SH.STA.HYGN.ZS,OECD members,OED,..,..,..,..,..,..
People with basic handwashing facilities including soap and water (% of population),SH.STA.HYGN.ZS,Oman,OMN,97.4,97.4,97.4,97.4,..,..
People with basic handwashing facilities including soap and water (% of population),SH.STA.HYGN.ZS,Other small states,OSS,..,..,..,..,..,..
People with basic handwashing facilities including soap and water (% of population),SH.STA.HYGN.ZS,Pacific island small states,PSS,..,..,..,..,..,..
People with basic handwashing facilities including soap and water (% of population),SH.STA.HYGN.ZS,Pakistan,PAK,70.64573818,73.79560573,76.93463978,80.06123049,..,..
People with basic handwashing facilities including soap and water (% of population),SH.STA.HYGN.ZS,Palau,PLW,..,..,..,..,..,..
People with basic handwashing facilities including soap and water (% of population),SH.STA.HYGN.ZS,Panama,PAN,..,..,..,..,..,..
People with basic handwashing facilities including soap and water (% of population),SH.STA.HYGN.ZS,Papua New Guinea,PNG,29.67426076,29.6995586,29.73014088,29.7660115,..,..
People with basic handwashing facilities including soap and water (% of population),SH.STA.HYGN.ZS,Paraguay,PRY,80.03719885,80.07459873,80.11317065,80.15306083,..,..
People with basic handwashing facilities including soap and water (% of population),SH.STA.HYGN.ZS,Peru,PER,..,..,..,..,..,..
People with basic handwashing facilities including soap and water (% of population),SH.STA.HYGN.ZS,Philippines,PHL,81.66342606,81.67862742,81.6949777,81.71247639,..,..
People with basic handwashing facilities including soap and water (% of population),SH.STA.HYGN.ZS,Poland,POL,..,..,..,..,..,..
People with basic handwashing facilities including soap and water (% of population),SH.STA.HYGN.ZS,Portugal,PRT,..,..,..,..,..,..
People with basic handwashing facilities including soap and water (% of population),SH.STA.HYGN.ZS,Post-demographic dividend,PST,..,..,..,..,..,..
People with basic handwashing facilities including soap and water (% of population),SH.STA.HYGN.ZS,Pre-demographic dividend,PRE,29.3824597281174,29.6898927815079,29.798607501817,29.6773911967285,..,..
People with basic handwashing facilities including soap and water (% of population),SH.STA.HYGN.ZS,Puerto Rico,PRI,..,..,..,..,..,..
People with basic handwashing facilities including soap and water (% of population),SH.STA.HYGN.ZS,Qatar,QAT,..,..,..,..,..,..
People with basic handwashing facilities including soap and water (% of population),SH.STA.HYGN.ZS,Romania,ROU,..,..,..,..,..,..
People with basic handwashing facilities including soap and water (% of population),SH.STA.HYGN.ZS,Russian Federation,RUS,..,..,..,..,..,..
People with basic handwashing facilities including soap and water (% of population),SH.STA.HYGN.ZS,Rwanda,RWA,4.617278477,4.6264149,4.63725129,4.649893337,..,..
People with basic handwashing facilities including soap and water (% of population),SH.STA.HYGN.ZS,Samoa,WSM,78.8,78.8,78.8,78.8,..,..
People with basic handwashing facilities including soap and water (% of population),SH.STA.HYGN.ZS,San Marino,SMR,..,..,..,..,..,..
People with basic handwashing facilities including soap and water (% of population),SH.STA.HYGN.ZS,Sao Tome and Principe,STP,48.3302743,50.63887159,53.01031148,55.43990203,..,..
People with basic handwashing facilities including soap and water (% of population),SH.STA.HYGN.ZS,Saudi Arabia,SAU,..,..,..,..,..,..
People with basic handwashing facilities including soap and water (% of population),SH.STA.HYGN.ZS,Senegal,SEN,21.67512072,21.78511215,21.89729313,22.01142292,..,..
People with basic handwashing facilities including soap and water (% of population),SH.STA.HYGN.ZS,Serbia,SRB,..,..,..,..,..,..
People with basic handwashing facilities including soap and water (% of population),SH.STA.HYGN.ZS,Seychelles,SYC,..,..,..,..,..,..
People with basic handwashing facilities including soap and water (% of population),SH.STA.HYGN.ZS,Sierra Leone,SLE,17.87440154,18.95626353,20.03059654,21.09710911,..,..
People with basic handwashing facilities including soap and water (% of population),SH.STA.HYGN.ZS,Singapore,SGP,..,..,..,..,..,..
People with basic handwashing facilities including soap and water (% of population),SH.STA.HYGN.ZS,Sint Maarten (Dutch part),SXM,..,..,..,..,..,..
People with basic handwashing facilities including soap and water (% of population),SH.STA.HYGN.ZS,Slovak Republic,SVK,..,..,..,..,..,..
People with basic handwashing facilities including soap and water (% of population),SH.STA.HYGN.ZS,Slovenia,SVN,..,..,..,..,..,..
People with basic handwashing facilities including soap and water (% of population),SH.STA.HYGN.ZS,Small states,SST,..,..,..,..,..,..
People with basic handwashing facilities including soap and water (% of population),SH.STA.HYGN.ZS,Solomon Islands,SLB,38.24586126,38.44154833,38.63639304,..,..,..
People with basic handwashing facilities including soap and water (% of population),SH.STA.HYGN.ZS,Somalia,SOM,24.72032862,24.79494185,24.86994107,24.94545509,..,..
People with basic handwashing facilities including soap and water (% of population),SH.STA.HYGN.ZS,South Africa,ZAF,43.99257483,44.11920031,44.24482361,44.36969558,..,..
People with basic handwashing facilities including soap and water (% of population),SH.STA.HYGN.ZS,South Asia,SAS,65.4436959934375,66.2114994628314,66.980529799454,67.7500876808734,..,..
People with basic handwashing facilities including soap and water (% of population),SH.STA.HYGN.ZS,South Asia (IDA & IBRD),TSA,65.4436959934375,66.2114994628314,66.980529799454,67.7500876808734,..,..
People with basic handwashing facilities including soap and water (% of population),SH.STA.HYGN.ZS,South Sudan,SSD,..,..,..,..,..,..
People with basic handwashing facilities including soap and water (% of population),SH.STA.HYGN.ZS,Spain,ESP,..,..,..,..,..,..
People with basic handwashing facilities including soap and water (% of population),SH.STA.HYGN.ZS,Sri Lanka,LKA,..,..,..,..,..,..
People with basic handwashing facilities including soap and water (% of population),SH.STA.HYGN.ZS,St. Kitts and Nevis,KNA,..,..,..,..,..,..
People with basic handwashing facilities including soap and water (% of population),SH.STA.HYGN.ZS,St. Lucia,LCA,..,..,..,..,..,..
People with basic handwashing facilities including soap and water (% of population),SH.STA.HYGN.ZS,St. Martin (French part),MAF,..,..,..,..,..,..
People with basic handwashing facilities including soap and water (% of population),SH.STA.HYGN.ZS,St. Vincent and the Grenadines,VCT,..,..,..,..,..,..
People with basic handwashing facilities including soap and water (% of population),SH.STA.HYGN.ZS,Sub-Saharan Africa,SSF,25.2640180851062,25.441631192631,25.5159511233673,25.351528564881,..,..
People with basic handwashing facilities including soap and water (% of population),SH.STA.HYGN.ZS,Sub-Saharan Africa (excluding high income),SSA,25.2640180851062,25.441631192631,25.5159511233673,25.351528564881,..,..
People with basic handwashing facilities including soap and water (% of population),SH.STA.HYGN.ZS,Sub-Saharan Africa (IDA & IBRD countries),TSS,25.2640180851062,25.441631192631,25.5159511233673,25.351528564881,..,..
People with basic handwashing facilities including soap and water (% of population),SH.STA.HYGN.ZS,Sudan,SDN,17.75741802,16.00870901,14.26,12.51129099,..,..
People with basic handwashing facilities including soap and water (% of population),SH.STA.HYGN.ZS,Suriname,SUR,72.09506049,72.09657093,72.09935693,72.10365538,..,..
People with basic handwashing facilities including soap and water (% of population),SH.STA.HYGN.ZS,Sweden,SWE,..,..,..,..,..,..
People with basic handwashing facilities including soap and water (% of population),SH.STA.HYGN.ZS,Switzerland,CHE,..,..,..,..,..,..
People with basic handwashing facilities including soap and water (% of population),SH.STA.HYGN.ZS,Syrian Arab Republic,SYR,82.73048406,82.76136143,82.79209414,82.82259838,..,..
People with basic handwashing facilities including soap and water (% of population),SH.STA.HYGN.ZS,Tajikistan,TJK,72.70350663,72.76372887,72.82735238,72.8650804,..,..
People with basic handwashing facilities including soap and water (% of population),SH.STA.HYGN.ZS,Tanzania,TZA,47.95269073,48.11605636,48.27964902,48.44391523,..,..
People with basic handwashing facilities including soap and water (% of population),SH.STA.HYGN.ZS,Thailand,THA,84.88929973,84.91559635,84.94168259,84.96759329,..,..
People with basic handwashing facilities including soap and water (% of population),SH.STA.HYGN.ZS,Timor-Leste,TLS,28.17822891,28.25397275,28.33033846,28.40753034,..,..
People with basic handwashing facilities including soap and water (% of population),SH.STA.HYGN.ZS,Togo,TGO,15.3339748,16.19201377,17.05231367,17.14668514,..,..
People with basic handwashing facilities including soap and water (% of population),SH.STA.HYGN.ZS,Tonga,TON,69.54989395,69.54451451,69.54111533,69.53998106,..,..
People with basic handwashing facilities including soap and water (% of population),SH.STA.HYGN.ZS,Trinidad and Tobago,TTO,..,..,..,..,..,..
People with basic handwashing facilities including soap and water (% of population),SH.STA.HYGN.ZS,Tunisia,TUN,84.98424316,84.69608552,84.40589811,84.11333807,..,..
People with basic handwashing facilities including soap and water (% of population),SH.STA.HYGN.ZS,Turkiye,TUR,..,..,..,..,..,..
People with basic handwashing facilities including soap and water (% of population),SH.STA.HYGN.ZS,Turkmenistan,TKM,100,100,100,100,..,..
People with basic handwashing facilities including soap and water (% of population),SH.STA.HYGN.ZS,Turks and Caicos Islands,TCA,..,..,..,..,..,..
People with basic handwashing facilities including soap and water (% of population),SH.STA.HYGN.ZS,Tuvalu,TUV,..,..,..,..,..,..
People with basic handwashing facilities including soap and water (% of population),SH.STA.HYGN.ZS,Uganda,UGA,21.22248988,22.38333258,22.48637935,22.59047647,..,..
People with basic handwashing facilities including soap and water (% of population),SH.STA.HYGN.ZS,Ukraine,UKR,..,..,..,..,..,..
People with basic handwashing facilities including soap and water (% of population),SH.STA.HYGN.ZS,United Arab Emirates,ARE,..,..,..,..,..,..
People with basic handwashing facilities including soap and water (% of population),SH.STA.HYGN.ZS,United Kingdom,GBR,..,..,..,..,..,..
People with basic handwashing facilities including soap and water (% of population),SH.STA.HYGN.ZS,United States,USA,..,..,..,..,..,..
People with basic handwashing facilities including soap and water (% of population),SH.STA.HYGN.ZS,Upper middle income,UMC,..,..,..,..,..,..
People with basic handwashing facilities including soap and water (% of population),SH.STA.HYGN.ZS,Uruguay,URY,..,..,..,..,..,..
People with basic handwashing facilities including soap and water (% of population),SH.STA.HYGN.ZS,Uzbekistan,UZB,..,..,..,..,..,..
People with basic handwashing facilities including soap and water (% of population),SH.STA.HYGN.ZS,Vanuatu,VUT,25.20914897,..,..,..,..,..
People with basic handwashing facilities including soap and water (% of population),SH.STA.HYGN.ZS,"Venezuela, RB",VEN,..,..,..,..,..,..
People with basic handwashing facilities including soap and water (% of population),SH.STA.HYGN.ZS,Vietnam,VNM,85.846544,85.91949663,85.99275936,86.06633197,..,..
People with basic handwashing facilities including soap and water (% of population),SH.STA.HYGN.ZS,Virgin Islands (U.S.),VIR,..,..,..,..,..,..
People with basic handwashing facilities including soap and water (% of population),SH.STA.HYGN.ZS,West Bank and Gaza,PSE,92.0528203,92.05374421,92.05468397,92.05563627,..,..
People with basic handwashing facilities including soap and water (% of population),SH.STA.HYGN.ZS,World,WLD,..,..,..,..,..,..
People with basic handwashing facilities including soap and water (% of population),SH.STA.HYGN.ZS,"Yemen, Rep.",YEM,48.61296992,..,..,..,..,..
People with basic handwashing facilities including soap and water (% of population),SH.STA.HYGN.ZS,Zambia,ZMB,17.61166605,17.71791651,17.82533636,17.93392656,..,..
People with basic handwashing facilities including soap and water (% of population),SH.STA.HYGN.ZS,Zimbabwe,ZWE,42.42512965,42.41964219,42.41984006,42.42611114,..,..
,,,,,,,,,
,,,,,,,,,
,,,,,,,,,
Data from database: Health Nutrition and Population Statistics,,,,,,,,,
Last Updated: 07/05/2023,,,,,,,,,
