Country Code,Country Name,Year,Cases,GDP
ABW,Aruba,2017,52,3092178771.0
ABW,Aruba,2018,62,3276187709.0
ABW,Aruba,2019,166,3395793855.0
ABW,Aruba,2020,101,2610038939.0
ABW,Aruba,2021,0,3126019385.0
AFG,Afghanistan,2017,108,18896353156.0
AFG,Afghanistan,2018,187,18418860354.0
AFG,Afghanistan,2019,278,18904502222.0
AFG,Afghanistan,2020,123,20143451706.0
AFG,Afghanistan,2021,120,14583135237.0
ALB,Albania,2017,136,13019726212.0
ALB,Albania,2018,350,15156424062.0
ALB,Albania,2019,527,15401826081.0
ALB,Albania,2020,445,15162734205.0
ALB,Albania,2021,523,17930565119.0
ALB,Albania,2022,364,18882095518.0
ARE,United Arab Emirates,2020,184,349000000000.0
ARE,United Arab Emirates,2021,70,415000000000.0
ARE,United Arab Emirates,2022,1360,508000000000.0
ARG,Argentina,2017,6566,644000000000.0
ARG,Argentina,2018,4615,525000000000.0
ARG,Argentina,2019,6477,448000000000.0
ARG,Argentina,2020,465,386000000000.0
ARG,Argentina,2021,29,487000000000.0
ARG,Argentina,2022,26585,633000000000.0
ARM,Armenia,2017,197,11527458713.0
ARM,Armenia,2018,322,12457940705.0
ARM,Armenia,2019,399,13619290546.0
ARM,Armenia,2020,427,12641698594.0
ARM,Armenia,2021,110,13861409969.0
ARM,Armenia,2022,148,19502783988.0
ATG,Antigua and Barbuda,2018,1,1604770370.0
ATG,Antigua and Barbuda,2019,0,1675403704.0
ATG,Antigua and Barbuda,2020,0,1416348148.0
ATG,Antigua and Barbuda,2021,0,1560518519.0
ATG,Antigua and Barbuda,2022,0,1757603704.0
AUS,Australia,2017,10509,1330000000000.0
AUS,Australia,2018,4264,1430000000000.0
AUS,Australia,2019,14002,1390000000000.0
AUS,Australia,2020,949,1330000000000.0
AUS,Australia,2021,8,1550000000000.0
AUS,Australia,2022,14433,1680000000000.0
AUT,Austria,2017,2071,417000000000.0
AUT,Austria,2018,5143,455000000000.0
AUT,Austria,2019,4097,445000000000.0
AUT,Austria,2020,5098,435000000000.0
AUT,Austria,2021,10,480000000000.0
AUT,Austria,2022,3109,471000000000.0
AZE,Azerbaijan,2017,41,40866632048.0
AZE,Azerbaijan,2018,67,47112479289.0
AZE,Azerbaijan,2019,170,48174235294.0
AZE,Azerbaijan,2020,151,42693000000.0
AZE,Azerbaijan,2021,3,54825411765.0
AZE,Azerbaijan,2022,2,78721058824.0
BEL,Belgium,2017,299,503000000000.0
BEL,Belgium,2018,343,543000000000.0
BEL,Belgium,2019,287,536000000000.0
BEL,Belgium,2020,239,525000000000.0
BEL,Belgium,2021,7,594000000000.0
BEL,Belgium,2022,595,579000000000.0
BFA,Burkina Faso,2017,55,14106955625.0
BFA,Burkina Faso,2018,236,15890066210.0
BFA,Burkina Faso,2019,107,16178161666.0
BFA,Burkina Faso,2020,41,17933606213.0
BFA,Burkina Faso,2021,51,19737616003.0
BFA,Burkina Faso,2022,70,18884619613.0
BGD,Bangladesh,2017,1191,294000000000.0
BGD,Bangladesh,2018,673,321000000000.0
BGD,Bangladesh,2019,1783,351000000000.0
BGD,Bangladesh,2020,311,374000000000.0
BGD,Bangladesh,2021,555,416000000000.0
BGD,Bangladesh,2022,442,460000000000.0
BGR,Bulgaria,2017,233,59343060706.0
BGR,Bulgaria,2018,477,66399602077.0
BGR,Bulgaria,2019,544,68911930628.0
BGR,Bulgaria,2020,569,70404359049.0
BGR,Bulgaria,2021,2,84061395658.0
BGR,Bulgaria,2022,145,89040398406.0
BHR,Bahrain,2017,89,35473776596.0
BHR,Bahrain,2018,202,37802005319.0
BHR,Bahrain,2019,197,38653318085.0
BHR,Bahrain,2020,36,34621807713.0
BHR,Bahrain,2022,3816,44390820479.0
BIH,Bosnia and Herzegovina,2018,0,20484048416.0
BIH,Bosnia and Herzegovina,2019,0,20482603346.0
BIH,Bosnia and Herzegovina,2020,0,20226030731.0
BIH,Bosnia and Herzegovina,2021,0,23649566069.0
BIH,Bosnia and Herzegovina,2022,0,24527507288.0
BLR,Belarus,2017,771,54725311690.0
BLR,Belarus,2018,428,60031163987.0
BLR,Belarus,2019,723,64410112583.0
BLR,Belarus,2020,170,61371755326.0
BLR,Belarus,2021,429,69673747132.0
BLR,Belarus,2022,710,72793457588.0
BLZ,Belize,2017,11,2286000000.0
BLZ,Belize,2018,49,2315000000.0
BLZ,Belize,2019,40,2416500000.0
BLZ,Belize,2020,53,2080000000.0
BLZ,Belize,2021,0,2491500000.0
BLZ,Belize,2022,180,2824081836.0
BMU,Bermuda,2017,7,7142316000.0
BMU,Bermuda,2018,3,7225977000.0
BMU,Bermuda,2019,12,7423465000.0
BMU,Bermuda,2020,7,6887147000.0
BMU,Bermuda,2021,0,7127200000.0
BMU,Bermuda,2022,0,7550500000.0
BRA,Brazil,2017,3027,2060000000000.0
BRA,Brazil,2018,7012,1920000000000.0
BRA,Brazil,2019,3459,1870000000000.0
BRA,Brazil,2020,1391,1480000000000.0
BRA,Brazil,2021,1240,1650000000000.0
BRA,Brazil,2022,3648,1920000000000.0
BRB,Barbados,2017,13,4981588900.0
BRB,Barbados,2018,27,5097283200.0
BRB,Barbados,2019,42,5324250000.0
BRB,Barbados,2020,23,4671800000.0
BRB,Barbados,2021,0,4843800000.0
BRB,Barbados,2022,0,5637914515.0
BTN,Bhutan,2017,444,2450366108.0
BTN,Bhutan,2018,364,2446867582.0
BTN,Bhutan,2019,679,2535655609.0
BTN,Bhutan,2020,104,2325185521.0
BTN,Bhutan,2021,57,2539551327.0
CAF,Central African Republic,2017,109,2072349974.0
CAF,Central African Republic,2018,177,2220979145.0
CAF,Central African Republic,2019,86,2221301351.0
CAF,Central African Republic,2020,1,2326720902.0
CAF,Central African Republic,2022,37,2382618615.0
CAN,Canada,2017,44404,1650000000000.0
CAN,Canada,2018,66482,1730000000000.0
CAN,Canada,2019,43196,1740000000000.0
CAN,Canada,2020,44956,1650000000000.0
CAN,Canada,2021,337,2000000000000.0
CAN,Canada,2022,71314,2140000000000.0
CHE,Switzerland,2017,9842,695000000000.0
CHE,Switzerland,2018,11918,726000000000.0
CHE,Switzerland,2019,14096,721000000000.0
CHE,Switzerland,2020,10081,740000000000.0
CHE,Switzerland,2021,473,801000000000.0
CHE,Switzerland,2022,23514,808000000000.0
CHL,Chile,2017,3610,276000000000.0
CHL,Chile,2018,3697,295000000000.0
CHL,Chile,2019,6539,278000000000.0
CHL,Chile,2020,272,254000000000.0
CHL,Chile,2021,77,317000000000.0
CHL,Chile,2022,13139,301000000000.0
CHN,China,2017,71429,12300000000000.0
CHN,China,2018,57323,13900000000000.0
CHN,China,2019,98542,14300000000000.0
CHN,China,2020,25572,14700000000000.0
CHN,China,2021,26100,17800000000000.0
CHN,China,2022,56339,18000000000000.0
CMR,Cameroon,2017,447,36098547059.0
CMR,Cameroon,2018,319,39973842059.0
CMR,Cameroon,2019,332,39670976440.0
CMR,Cameroon,2020,63,40773241212.0
CMR,Cameroon,2021,224,45338285386.0
CMR,Cameroon,2022,118,44341646509.0
COL,Colombia,2017,808,312000000000.0
COL,Colombia,2018,1425,334000000000.0
COL,Colombia,2019,1316,323000000000.0
COL,Colombia,2020,467,270000000000.0
COL,Colombia,2021,21,319000000000.0
COL,Colombia,2022,538,344000000000.0
CRI,Costa Rica,2017,591,60516044623.0
CRI,Costa Rica,2018,170,62420164965.0
CRI,Costa Rica,2019,505,64417670556.0
CRI,Costa Rica,2020,56,62395610764.0
CRI,Costa Rica,2021,0,64616482168.0
CRI,Costa Rica,2022,302,68380838316.0
CUB,Cuba,2017,145,96851000000.0
CUB,Cuba,2018,238,100000000000.0
CUB,Cuba,2019,463,103000000000.0
CUB,Cuba,2020,174,107000000000.0
CUB,Cuba,2021,0,545000000000.0
CYM,Cayman Islands,2017,2,5166281293.0
CYM,Cayman Islands,2018,5,5530178499.0
CYM,Cayman Islands,2020,13,5647224973.0
CYM,Cayman Islands,2021,0,6028373541.0
CYP,Cyprus,2017,151,22946583376.0
CYP,Cyprus,2018,150,25597301191.0
CYP,Cyprus,2019,628,25945194240.0
CZE,Czechia,2017,368,219000000000.0
CZE,Czechia,2018,575,249000000000.0
CZE,Czechia,2019,276,253000000000.0
CZE,Czechia,2020,295,246000000000.0
CZE,Czechia,2021,49,282000000000.0
CZE,Czechia,2022,2586,291000000000.0
DEU,Germany,2017,1478,3690000000000.0
DEU,Germany,2018,2334,3970000000000.0
DEU,Germany,2019,1215,3890000000000.0
DEU,Germany,2020,958,3890000000000.0
DEU,Germany,2021,29,4260000000000.0
DEU,Germany,2022,1923,4070000000000.0
DMA,Dominica,2017,0,521551851.9
DMA,Dominica,2018,14,554770370.4
DMA,Dominica,2019,4,611537037.0
DMA,Dominica,2020,13,504214814.8
DMA,Dominica,2021,0,555266666.7
DMA,Dominica,2022,0,612048148.1
DNK,Denmark,2017,4644,332000000000.0
DNK,Denmark,2018,17120,357000000000.0
DNK,Denmark,2019,11835,346000000000.0
DNK,Denmark,2020,6580,355000000000.0
DNK,Denmark,2021,360,398000000000.0
DNK,Denmark,2022,21111,395000000000.0
DOM,Dominican Republic,2017,63,79998045976.0
DOM,Dominican Republic,2018,203,85555390386.0
DOM,Dominican Republic,2019,90,88941371980.0
DOM,Dominican Republic,2020,75,78844655833.0
DOM,Dominican Republic,2021,28,94243426487.0
DOM,Dominican Republic,2022,130,114000000000.0
DZA,Algeria,2017,134,170000000000.0
DZA,Algeria,2018,310,175000000000.0
DZA,Algeria,2019,33,172000000000.0
DZA,Algeria,2020,134,146000000000.0
DZA,Algeria,2021,72,163000000000.0
DZA,Algeria,2022,165,192000000000.0
ECU,Ecuador,2017,505,104000000000.0
ECU,Ecuador,2018,778,108000000000.0
ECU,Ecuador,2019,615,108000000000.0
ECU,Ecuador,2020,82,99291124000.0
ECU,Ecuador,2021,17,106000000000.0
ECU,Ecuador,2022,478,115000000000.0
ESP,Spain,2017,12765,1310000000000.0
ESP,Spain,2018,19973,1420000000000.0
ESP,Spain,2019,17228,1390000000000.0
ESP,Spain,2020,8827,1280000000000.0
ESP,Spain,2021,2206,1430000000000.0
ESP,Spain,2022,18099,1400000000000.0
EST,Estonia,2017,1149,26924385103.0
EST,Estonia,2018,2719,30624720196.0
EST,Estonia,2019,2233,31081901909.0
EST,Estonia,2020,473,31370395573.0
EST,Estonia,2021,39,37191166152.0
EST,Estonia,2022,814,38100812959.0
ETH,Ethiopia,2017,117,81770886909.0
ETH,Ethiopia,2018,203,84269196152.0
ETH,Ethiopia,2019,214,95912607970.0
ETH,Ethiopia,2021,326,111000000000.0
ETH,Ethiopia,2022,649,127000000000.0
FIN,Finland,2017,138,256000000000.0
FIN,Finland,2018,268,276000000000.0
FIN,Finland,2019,196,269000000000.0
FIN,Finland,2020,69,272000000000.0
FIN,Finland,2021,29,296000000000.0
FIN,Finland,2022,280,281000000000.0
FJI,Fiji,2017,108,5353468388.0
FJI,Fiji,2018,102,5581425891.0
FJI,Fiji,2019,185,5481692622.0
FJI,Fiji,2020,30,4477030180.0
FJI,Fiji,2021,0,4296235428.0
FJI,Fiji,2022,229,4943248200.0
FRA,France,2017,15657,2600000000000.0
FRA,France,2018,21610,2790000000000.0
FRA,France,2019,25405,2730000000000.0
FRA,France,2020,16589,2640000000000.0
FRA,France,2021,3071,2960000000000.0
FRA,France,2022,40148,2780000000000.0
GAB,Gabon,2022,28,21071739228.0
GEO,Georgia,2017,78,16242647230.0
GEO,Georgia,2018,111,17596922470.0
GEO,Georgia,2019,189,17470436259.0
GEO,Georgia,2020,57,15842922533.0
GEO,Georgia,2021,12,18629365612.0
GEO,Georgia,2022,459,24605375420.0
GHA,Ghana,2017,469,60405920071.0
GHA,Ghana,2018,742,67298913752.0
GHA,Ghana,2019,1172,68337974419.0
GHA,Ghana,2020,60,70043095503.0
GHA,Ghana,2021,395,79156409410.0
GHA,Ghana,2022,1518,72838798788.0
GIN,Guinea,2018,63,11857030366.0
GIN,Guinea,2019,135,13442861497.0
GIN,Guinea,2020,26,14177835841.0
GIN,Guinea,2021,101,16091817842.0
GIN,Guinea,2022,40,21227749389.0
GRC,Greece,2017,756,200000000000.0
GRC,Greece,2018,434,212000000000.0
GRC,Greece,2019,822,205000000000.0
GRC,Greece,2020,602,189000000000.0
GRC,Greece,2021,0,215000000000.0
GRC,Greece,2022,221,219000000000.0
GRD,Grenada,2020,5,1043411111.0
GRD,Grenada,2021,0,1122800000.0
GRD,Grenada,2022,0,1256413185.0
GTM,Guatemala,2017,228,71653756504.0
GTM,Guatemala,2018,322,73328369926.0
GTM,Guatemala,2019,313,77172313916.0
GTM,Guatemala,2020,122,77715183063.0
GTM,Guatemala,2021,10,86053079767.0
GTM,Guatemala,2022,277,95003333381.0
GUY,Guyana,2018,0,4787637006.0
HND,Honduras,2017,62,23136248046.0
HND,Honduras,2018,322,24067750466.0
HND,Honduras,2019,275,25089937109.0
HND,Honduras,2020,81,23827859695.0
HND,Honduras,2021,58,28488721296.0
HND,Honduras,2022,206,31717700115.0
HRV,Croatia,2017,1796,55937483558.0
HRV,Croatia,2018,2597,61330483610.0
HRV,Croatia,2019,4823,61329267533.0
HRV,Croatia,2020,282,57624938982.0
HRV,Croatia,2021,193,68843674641.0
HRV,Croatia,2022,3023,70964606465.0
HTI,Haiti,2017,111,15093357143.0
HTI,Haiti,2018,340,16403864521.0
HTI,Haiti,2019,358,15016090930.0
HTI,Haiti,2020,94,14508222518.0
HTI,Haiti,2021,174,20877414952.0
HTI,Haiti,2022,301,20253551885.0
HUN,Hungary,2017,903,143000000000.0
HUN,Hungary,2018,622,161000000000.0
HUN,Hungary,2019,555,164000000000.0
HUN,Hungary,2020,1064,157000000000.0
HUN,Hungary,2021,3,182000000000.0
HUN,Hungary,2022,856,179000000000.0
IDN,Indonesia,2017,1045,1020000000000.0
IDN,Indonesia,2018,710,1040000000000.0
IDN,Indonesia,2019,496,1120000000000.0
IDN,Indonesia,2020,826,1060000000000.0
IDN,Indonesia,2021,47,1190000000000.0
IDN,Indonesia,2022,245,1320000000000.0
IND,India,2017,2587,2650000000000.0
IND,India,2018,1880,2700000000000.0
IND,India,2019,10428,2840000000000.0
IND,India,2020,655,2670000000000.0
IND,India,2021,4789,3150000000000.0
IND,India,2022,1421,3390000000000.0
IRL,Ireland,2017,1779,336000000000.0
IRL,Ireland,2018,4984,386000000000.0
IRL,Ireland,2019,4201,399000000000.0
IRL,Ireland,2020,1363,426000000000.0
IRL,Ireland,2021,17,504000000000.0
IRL,Ireland,2022,1774,529000000000.0
IRQ,Iraq,2017,40,187000000000.0
IRQ,Iraq,2018,293,227000000000.0
IRQ,Iraq,2019,400,234000000000.0
IRQ,Iraq,2020,305,181000000000.0
IRQ,Iraq,2021,98,208000000000.0
IRQ,Iraq,2022,496,264000000000.0
ISL,Iceland,2017,654,24728285177.0
ISL,Iceland,2018,598,26260850582.0
ISL,Iceland,2019,388,24663643102.0
ISL,Iceland,2020,364,21553080484.0
ISL,Iceland,2021,4,25552639899.0
ISL,Iceland,2022,1171,27841648044.0
ISR,Israel,2017,1145,358000000000.0
ISR,Israel,2018,1602,377000000000.0
ISR,Israel,2019,1796,402000000000.0
ISR,Israel,2020,1424,413000000000.0
ISR,Israel,2021,456,489000000000.0
ISR,Israel,2022,774,522000000000.0
ITA,Italy,2017,2796,1960000000000.0
ITA,Italy,2018,4913,2090000000000.0
ITA,Italy,2019,6361,2010000000000.0
ITA,Italy,2020,7485,1900000000000.0
ITA,Italy,2021,31,2110000000000.0
ITA,Italy,2022,5817,2010000000000.0
JAM,Jamaica,2017,68,14808984881.0
JAM,Jamaica,2018,180,15730791526.0
JAM,Jamaica,2019,479,15830766372.0
JAM,Jamaica,2020,69,13812421859.0
JAM,Jamaica,2021,0,14657586359.0
JAM,Jamaica,2022,75,17097760745.0
JOR,Jordan,2017,252,41608435915.0
JOR,Jordan,2018,273,43370860704.0
JOR,Jordan,2019,366,44503005775.0
JOR,Jordan,2020,265,43579916197.0
JOR,Jordan,2021,42,45116317042.0
JOR,Jordan,2022,231,47451499859.0
JPN,Japan,2017,10344,4930000000000.0
JPN,Japan,2018,9076,5040000000000.0
JPN,Japan,2019,10343,5120000000000.0
JPN,Japan,2020,2915,5050000000000.0
JPN,Japan,2021,9,5010000000000.0
JPN,Japan,2022,262,4230000000000.0
KAZ,Kazakhstan,2017,829,167000000000.0
KAZ,Kazakhstan,2018,441,179000000000.0
KAZ,Kazakhstan,2019,525,182000000000.0
KAZ,Kazakhstan,2020,616,171000000000.0
KAZ,Kazakhstan,2021,105,197000000000.0
KAZ,Kazakhstan,2022,1275,221000000000.0
KEN,Kenya,2017,25,82036511259.0
KEN,Kenya,2018,216,92202979941.0
KEN,Kenya,2019,220,100000000000.0
KEN,Kenya,2020,71,101000000000.0
KEN,Kenya,2021,423,110000000000.0
KEN,Kenya,2022,439,113000000000.0
KHM,Cambodia,2017,226,22177200589.0
KHM,Cambodia,2018,234,24571753582.0
KHM,Cambodia,2019,312,27089390033.0
KHM,Cambodia,2020,176,25872797892.0
KHM,Cambodia,2021,0,26961061152.0
KHM,Cambodia,2022,412,29956769529.0
KWT,Kuwait,2017,4379,121000000000.0
KWT,Kuwait,2018,1931,138000000000.0
KWT,Kuwait,2019,6601,136000000000.0
KWT,Kuwait,2020,193,106000000000.0
LBN,Lebanon,2017,96,53027680686.0
LBN,Lebanon,2018,123,54901519156.0
LBN,Lebanon,2019,262,51605959131.0
LBN,Lebanon,2020,280,31712128254.0
LBN,Lebanon,2021,193,23131941557.0
LKA,Sri Lanka,2017,2361,94376237832.0
LKA,Sri Lanka,2018,947,94493871351.0
LKA,Sri Lanka,2019,1184,89014978319.0
LKA,Sri Lanka,2020,149,84440535699.0
LKA,Sri Lanka,2021,15,88496535599.0
LKA,Sri Lanka,2022,258,74403578363.0
LTU,Lithuania,2017,738,47758736932.0
LTU,Lithuania,2018,1007,53751411409.0
LTU,Lithuania,2019,1737,54760617013.0
LTU,Lithuania,2020,778,56914826861.0
LTU,Lithuania,2021,3,66414994992.0
LTU,Lithuania,2022,2077,70334299008.0
LUX,Luxembourg,2017,166,65712180343.0
LUX,Luxembourg,2018,1038,71000359760.0
LUX,Luxembourg,2019,357,69825641851.0
LUX,Luxembourg,2020,539,73992591285.0
LUX,Luxembourg,2021,4,85506243834.0
LUX,Luxembourg,2022,780,82274812251.0
LVA,Latvia,2017,3121,30483806018.0
LVA,Latvia,2018,2785,34429023435.0
LVA,Latvia,2019,1834,34343961073.0
LVA,Latvia,2020,240,34601740323.0
LVA,Latvia,2021,8,39725383601.0
LVA,Latvia,2022,530,41153912663.0
MAR,Morocco,2017,240,119000000000.0
MAR,Morocco,2018,242,127000000000.0
MAR,Morocco,2019,912,129000000000.0
MAR,Morocco,2020,186,121000000000.0
MAR,Morocco,2021,45,143000000000.0
MAR,Morocco,2022,232,134000000000.0
MDG,Madagascar,2017,368,13176313594.0
MDG,Madagascar,2018,298,13760033283.0
MDG,Madagascar,2019,451,14104664678.0
MDG,Madagascar,2020,43,13051441203.0
MDG,Madagascar,2021,565,14554754115.0
MDG,Madagascar,2022,566,14954967604.0
MDV,Maldives,2017,422,4754185599.0
MDV,Maldives,2018,378,5300949823.0
MDV,Maldives,2019,110,5609385434.0
MDV,Maldives,2020,20,3746329358.0
MDV,Maldives,2021,914,5405557162.0
MDV,Maldives,2022,163,6189865408.0
MEX,Mexico,2017,6346,1160000000000.0
MEX,Mexico,2018,5667,1220000000000.0
MEX,Mexico,2019,6963,1270000000000.0
MEX,Mexico,2020,4799,1090000000000.0
MEX,Mexico,2021,960,1270000000000.0
MEX,Mexico,2022,10314,1410000000000.0
MKD,North Macedonia,2017,25,11307067001.0
MKD,North Macedonia,2018,270,12683068033.0
MKD,North Macedonia,2019,432,12606338449.0
MKD,North Macedonia,2020,239,12363580535.0
MKD,North Macedonia,2021,2,13825049832.0
MLI,Mali,2017,165,15365713059.0
MLI,Mali,2018,144,17070867578.0
MLI,Mali,2019,235,17280250805.0
MLI,Mali,2020,150,17465392779.0
MLI,Mali,2021,14,19309463506.0
MLI,Mali,2022,26,18827176532.0
MLT,Malta,2017,505,13489296992.0
MLT,Malta,2018,880,15298004130.0
MLT,Malta,2019,838,15881258056.0
MLT,Malta,2020,373,15046136935.0
MLT,Malta,2022,367,17765270015.0
MMR,Myanmar,2017,431,61449391917.0
MMR,Myanmar,2018,103,67144726168.0
MMR,Myanmar,2019,806,68697761477.0
MMR,Myanmar,2020,19,78930259069.0
MMR,Myanmar,2021,15,65124769602.0
MMR,Myanmar,2022,14,59364362541.0
MNE,Montenegro,2017,4,4856602179.0
MNE,Montenegro,2018,266,5506944403.0
MNE,Montenegro,2019,508,5542053845.0
MNE,Montenegro,2020,498,4769995512.0
MNE,Montenegro,2021,24,5861430526.0
MNE,Montenegro,2022,185,6095978868.0
MNG,Mongolia,2017,533,11480847740.0
MNG,Mongolia,2018,304,13178094720.0
MNG,Mongolia,2019,909,14206359016.0
MNG,Mongolia,2020,981,13312981427.0
MNG,Mongolia,2021,2,15286441740.0
MNG,Mongolia,2022,372,16810883361.0
MOZ,Mozambique,2017,78,13219079498.0
MOZ,Mozambique,2018,66,14845400593.0
MOZ,Mozambique,2019,91,15390031040.0
MOZ,Mozambique,2020,44,14156864916.0
MOZ,Mozambique,2021,60,15776757420.0
MOZ,Mozambique,2022,422,17851491428.0
MRT,Mauritania,2017,10,6800138755.0
MRT,Mauritania,2018,27,7473550557.0
MRT,Mauritania,2019,51,8066118984.0
MRT,Mauritania,2020,40,8405498736.0
MRT,Mauritania,2021,68,9996240419.0
MRT,Mauritania,2022,26,10375460680.0
MUS,Mauritius,2017,95,13713505998.0
MUS,Mauritius,2018,102,14735695931.0
MUS,Mauritius,2019,406,14436347115.0
MUS,Mauritius,2020,108,11401040996.0
MUS,Mauritius,2022,223,12898307089.0
MYS,Malaysia,2017,662,319000000000.0
MYS,Malaysia,2018,493,359000000000.0
MYS,Malaysia,2019,1175,365000000000.0
MYS,Malaysia,2020,346,337000000000.0
MYS,Malaysia,2021,287,373000000000.0
MYS,Malaysia,2022,5084,406000000000.0
NAM,Namibia,2021,132,12446290855.0
NAM,Namibia,2022,79,12607436976.0
NCL,New Caledonia,2017,204,9173670000.0
NCL,New Caledonia,2018,291,9896402295.0
NCL,New Caledonia,2019,541,9475655342.0
NCL,New Caledonia,2020,16,9454629451.0
NER,Niger,2017,117,11185101444.0
NER,Niger,2018,83,12808661487.0
NER,Niger,2019,144,12916454871.0
NER,Niger,2020,134,13744174582.0
NER,Niger,2021,101,14915002098.0
NER,Niger,2022,120,13969605583.0
NGA,Nigeria,2017,3,376000000000.0
NGA,Nigeria,2018,77,422000000000.0
NGA,Nigeria,2019,89,475000000000.0
NGA,Nigeria,2020,29,432000000000.0
NGA,Nigeria,2021,54,441000000000.0
NGA,Nigeria,2022,23,477000000000.0
NIC,Nicaragua,2017,762,13785890939.0
NIC,Nicaragua,2018,1320,13025266513.0
NIC,Nicaragua,2019,1419,12699028890.0
NIC,Nicaragua,2020,41,12678162359.0
NIC,Nicaragua,2021,4,14145852101.0
NIC,Nicaragua,2022,803,15671583878.0
NOR,Norway,2017,16479,402000000000.0
NOR,Norway,2018,32966,440000000000.0
NOR,Norway,2019,22282,409000000000.0
NOR,Norway,2020,13475,368000000000.0
NOR,Norway,2021,547,490000000000.0
NOR,Norway,2022,22485,579000000000.0
NPL,Nepal,2017,2152,28971588881.0
NPL,Nepal,2018,957,33111525183.0
NPL,Nepal,2019,2569,34186180695.0
NPL,Nepal,2020,692,33433659223.0
NPL,Nepal,2021,1135,36924841430.0
NPL,Nepal,2022,705,40828247302.0
NZL,New Zealand,2017,945,207000000000.0
NZL,New Zealand,2018,475,212000000000.0
NZL,New Zealand,2019,1011,213000000000.0
NZL,New Zealand,2020,0,213000000000.0
OMN,Oman,2017,3024,80856697009.0
OMN,Oman,2018,1388,91505851756.0
OMN,Oman,2019,1376,88060858257.0
OMN,Oman,2020,157,75909397659.0
OMN,Oman,2021,884,88191977373.0
OMN,Oman,2022,1069,115000000000.0
PAK,Pakistan,2017,113,339000000000.0
PAK,Pakistan,2018,688,356000000000.0
PAK,Pakistan,2019,649,321000000000.0
PAK,Pakistan,2020,109,300000000000.0
PAK,Pakistan,2021,602,348000000000.0
PAK,Pakistan,2022,1359,377000000000.0
PAN,Panama,2017,262,62202700000.0
PAN,Panama,2018,202,67294169235.0
PAN,Panama,2019,382,69721787533.0
PAN,Panama,2020,52,57086836942.0
PAN,Panama,2021,0,67406738052.0
PAN,Panama,2022,681,76522511781.0
PER,Peru,2017,241,211000000000.0
PER,Peru,2018,1061,223000000000.0
PER,Peru,2019,349,228000000000.0
PER,Peru,2020,68,202000000000.0
PER,Peru,2021,561,224000000000.0
PER,Peru,2022,2328,243000000000.0
PHL,Philippines,2017,268,328000000000.0
PHL,Philippines,2018,216,347000000000.0
PHL,Philippines,2019,612,377000000000.0
PHL,Philippines,2020,52,362000000000.0
PHL,Philippines,2021,105,394000000000.0
PHL,Philippines,2022,260,404000000000.0
PNG,Papua New Guinea,2017,27,22742696408.0
PNG,Papua New Guinea,2018,24,24109780113.0
PNG,Papua New Guinea,2019,19,24751069238.0
POL,Poland,2017,1543,525000000000.0
POL,Poland,2018,2377,589000000000.0
POL,Poland,2019,1786,596000000000.0
POL,Poland,2020,1282,599000000000.0
POL,Poland,2021,2,679000000000.0
POL,Poland,2022,1604,688000000000.0
PRT,Portugal,2017,1286,221000000000.0
PRT,Portugal,2018,3984,242000000000.0
PRT,Portugal,2019,6634,240000000000.0
PRT,Portugal,2020,3403,229000000000.0
PRT,Portugal,2021,158,254000000000.0
PRT,Portugal,2022,15451,252000000000.0
PRY,Paraguay,2017,948,38997129809.0
PRY,Paraguay,2018,932,40225448651.0
PRY,Paraguay,2019,1498,37925338460.0
PRY,Paraguay,2020,97,35432177936.0
PRY,Paraguay,2021,63,39950899733.0
PRY,Paraguay,2022,1232,41722295362.0
QAT,Qatar,2017,7548,161000000000.0
QAT,Qatar,2018,11450,183000000000.0
QAT,Qatar,2019,8365,176000000000.0
QAT,Qatar,2020,3749,144000000000.0
QAT,Qatar,2021,754,180000000000.0
QAT,Qatar,2022,6315,237000000000.0
ROU,Romania,2017,475,210000000000.0
ROU,Romania,2018,1369,243000000000.0
ROU,Romania,2019,1801,251000000000.0
ROU,Romania,2020,1424,251000000000.0
ROU,Romania,2021,9,285000000000.0
ROU,Romania,2022,1381,301000000000.0
RUS,Russian Federation,2017,14635,1570000000000.0
RUS,Russian Federation,2018,15314,1660000000000.0
RUS,Russian Federation,2019,19340,1690000000000.0
RUS,Russian Federation,2020,16393,1490000000000.0
RUS,Russian Federation,2021,6112,1840000000000.0
RUS,Russian Federation,2022,14531,2240000000000.0
RWA,Rwanda,2017,10,9252833678.0
RWA,Rwanda,2018,25,9636510839.0
RWA,Rwanda,2019,50,10346675636.0
SAU,Saudi Arabia,2017,700,715000000000.0
SAU,Saudi Arabia,2018,1177,847000000000.0
SAU,Saudi Arabia,2019,2459,839000000000.0
SAU,Saudi Arabia,2020,528,734000000000.0
SAU,Saudi Arabia,2021,235,869000000000.0
SAU,Saudi Arabia,2022,1372,1110000000000.0
SEN,Senegal,2017,820,20996562959.0
SEN,Senegal,2018,480,23116701540.0
SEN,Senegal,2019,483,23403995985.0
SEN,Senegal,2020,366,24530513059.0
SEN,Senegal,2021,334,27569136728.0
SEN,Senegal,2022,497,27684430244.0
SGP,Singapore,2017,998,343000000000.0
SGP,Singapore,2018,1106,377000000000.0
SGP,Singapore,2019,1154,377000000000.0
SGP,Singapore,2020,376,348000000000.0
SGP,Singapore,2021,1,424000000000.0
SGP,Singapore,2022,909,467000000000.0
SLE,Sierra Leone,2017,17,3719443318.0
SLE,Sierra Leone,2018,10,4085114542.0
SLE,Sierra Leone,2019,22,4076578654.0
SLE,Sierra Leone,2020,1,4062906364.0
SLE,Sierra Leone,2021,8,4249234574.0
SLE,Sierra Leone,2022,0,3970343852.0
SLV,El Salvador,2017,288,24979190000.0
SLV,El Salvador,2018,196,26020850000.0
SLV,El Salvador,2019,244,26881140000.0
SLV,El Salvador,2020,7,24930080000.0
SLV,El Salvador,2021,0,29451240000.0
SLV,El Salvador,2022,128,32488720000.0
SRB,Serbia,2017,150,44179075779.0
SRB,Serbia,2018,831,50640662859.0
SRB,Serbia,2019,1876,51514242776.0
SRB,Serbia,2020,1242,53356484764.0
SRB,Serbia,2021,14,63082021206.0
SRB,Serbia,2022,607,63501748652.0
SUR,Suriname,2017,12,3591679371.0
SUR,Suriname,2018,22,3996198760.0
SUR,Suriname,2019,173,4016040575.0
SUR,Suriname,2020,11,2911807496.0
SUR,Suriname,2021,0,2984706244.0
SUR,Suriname,2022,8,3620655116.0
SVN,Slovenia,2017,3906,48589100043.0
SVN,Slovenia,2018,3020,54177882426.0
SVN,Slovenia,2019,3576,54331588482.0
SVN,Slovenia,2020,3141,53706800044.0
SVN,Slovenia,2021,14,61748586535.0
SVN,Slovenia,2022,2705,62117768015.0
SWE,Sweden,2017,11242,541000000000.0
SWE,Sweden,2018,21407,555000000000.0
SWE,Sweden,2019,13823,534000000000.0
SWE,Sweden,2020,7232,547000000000.0
SWE,Sweden,2021,8943,637000000000.0
SWE,Sweden,2022,14313,586000000000.0
SYC,Seychelles,2019,9,1645090567.0
SYC,Seychelles,2020,7,1183515398.0
SYR,Syrian Arab Republic,2017,0,16369724433.0
SYR,Syrian Arab Republic,2018,2,21496337968.0
SYR,Syrian Arab Republic,2019,3,22600896352.0
SYR,Syrian Arab Republic,2020,9,11159274040.0
TCA,Turks and Caicos Islands,2018,0,1113178000.0
TCA,Turks and Caicos Islands,2019,12,1197415000.0
TCA,Turks and Caicos Islands,2020,8,924583000.0
TCA,Turks and Caicos Islands,2021,0,1044778790.0
TCA,Turks and Caicos Islands,2022,0,1138808881.0
TCD,Chad,2018,26,11239167890.0
TCD,Chad,2019,13,11314951088.0
TCD,Chad,2020,3,10715396051.0
TCD,Chad,2021,3,11779981332.0
TCD,Chad,2022,1,12704149842.0
TGO,Togo,2017,233,6395472028.0
TGO,Togo,2018,254,7029217932.0
TGO,Togo,2019,501,6992656429.0
TGO,Togo,2020,91,7389329393.0
TGO,Togo,2021,300,8334047486.0
TGO,Togo,2022,336,8126439481.0
THA,Thailand,2017,1288,456000000000.0
THA,Thailand,2018,784,507000000000.0
THA,Thailand,2019,1568,544000000000.0
THA,Thailand,2020,297,500000000000.0
THA,Thailand,2021,23,506000000000.0
THA,Thailand,2022,575,495000000000.0
TJK,Tajikistan,2017,18,7536403147.0
TJK,Tajikistan,2018,46,7765000282.0
TJK,Tajikistan,2019,30,8300813890.0
TJK,Tajikistan,2020,18,8133963813.0
TJK,Tajikistan,2021,21,8937805347.0
TJK,Tajikistan,2022,247,10492123388.0
TKM,Turkmenistan,2018,0,40765428571.0
TKM,Turkmenistan,2019,6,44220285714.0
TKM,Turkmenistan,2020,4,45610571429.0
TLS,Timor-Leste,2017,4,1595724300.0
TLS,Timor-Leste,2018,128,1563887900.0
TLS,Timor-Leste,2019,244,2028551600.0
TLS,Timor-Leste,2020,43,2158392500.0
TLS,Timor-Leste,2021,18,3621222400.0
TLS,Timor-Leste,2022,436,3163324631.0
TTO,Trinidad and Tobago,2017,17,23797686962.0
TTO,Trinidad and Tobago,2018,19,24322359037.0
TTO,Trinidad and Tobago,2019,270,23849557811.0
TTO,Trinidad and Tobago,2020,34,21059428846.0
TTO,Trinidad and Tobago,2021,0,24460196270.0
TTO,Trinidad and Tobago,2022,0,27899082337.0
TUN,Tunisia,2017,339,42163530591.0
TUN,Tunisia,2018,303,42686509836.0
TUN,Tunisia,2019,211,41905637659.0
TUN,Tunisia,2020,305,42538462678.0
TUN,Tunisia,2021,3,46687298709.0
TUN,Tunisia,2022,410,46664948952.0
UGA,Uganda,2017,404,30744473840.0
UGA,Uganda,2018,38,32927025621.0
UGA,Uganda,2019,179,35348155092.0
UGA,Uganda,2020,13,37605430214.0
UGA,Uganda,2021,103,40510241366.0
UGA,Uganda,2022,418,45559202049.0
UKR,Ukraine,2017,659,112000000000.0
UKR,Ukraine,2018,1075,131000000000.0
UKR,Ukraine,2019,682,154000000000.0
UKR,Ukraine,2020,1149,157000000000.0
UKR,Ukraine,2021,51,200000000000.0
UKR,Ukraine,2022,5359,161000000000.0
URY,Uruguay,2017,197,65006047680.0
URY,Uruguay,2018,124,65203071111.0
URY,Uruguay,2019,140,62048585619.0
URY,Uruguay,2020,11,53666908480.0
URY,Uruguay,2021,15,61412268249.0
URY,Uruguay,2022,205,71177146197.0
USA,United States of America,2017,214333,19500000000000.0
USA,United States of America,2018,267611,20500000000000.0
USA,United States of America,2019,268524,21400000000000.0
USA,United States of America,2020,229766,21100000000000.0
USA,United States of America,2021,39507,23300000000000.0
USA,United States of America,2022,470104,25500000000000.0
UZB,Uzbekistan,2017,8,62081322741.0
UZB,Uzbekistan,2018,16,52870108218.0
UZB,Uzbekistan,2019,22,60283503705.0
UZB,Uzbekistan,2020,9,60224701296.0
UZB,Uzbekistan,2021,46,69600614989.0
UZB,Uzbekistan,2022,62,80391853885.0
ZAF,South Africa,2017,1210,381000000000.0
ZAF,South Africa,2018,1160,404000000000.0
ZAF,South Africa,2019,1164,389000000000.0
ZAF,South Africa,2020,157,338000000000.0
ZAF,South Africa,2021,413,419000000000.0
ZAF,South Africa,2022,1171,406000000000.0
ZMB,Zambia,2017,154,25873601261.0
ZMB,Zambia,2018,391,26311506435.0
ZMB,Zambia,2019,426,23308667781.0
ZMB,Zambia,2020,30,18110638619.0
ZMB,Zambia,2021,275,22147649569.0
ZMB,Zambia,2022,347,29784454056.0
ZWE,Zimbabwe,2021,6,28371238666.0
ZWE,Zimbabwe,2022,45,20678055598.0
