Series Name,Series Code,Country Name,Country Code,2017 [YR2017],2018 [YR2018],2019 [YR2019],2020 [YR2020],2021 [YR2021],2022 [YR2022]
Capital health expenditure (% of GDP),SH.XPD.KHEX.GD.ZS,Afghanistan,AFG,0.28592768,0.36722939,0.31406657,0.41934217,0.41568576,..
Capital health expenditure (% of GDP),SH.XPD.KHEX.GD.ZS,Africa Eastern and Southern,AFE,..,..,..,..,..,..
Capital health expenditure (% of GDP),SH.XPD.KHEX.GD.ZS,Africa Western and Central,AFW,..,..,..,..,..,..
Capital health expenditure (% of GDP),SH.XPD.KHEX.GD.ZS,Albania,ALB,0.14722906,0.16765136,..,..,..,..
Capital health expenditure (% of GDP),SH.XPD.KHEX.GD.ZS,Algeria,DZA,..,..,..,..,..,..
Capital health expenditure (% of GDP),SH.XPD.KHEX.GD.ZS,American Samoa,ASM,..,..,..,..,..,..
Capital health expenditure (% of GDP),SH.XPD.KHEX.GD.ZS,Andorra,AND,0.10919669,0.06971787,0.10289453,..,..,..
Capital health expenditure (% of GDP),SH.XPD.KHEX.GD.ZS,Angola,AGO,..,..,..,..,..,..
Capital health expenditure (% of GDP),SH.XPD.KHEX.GD.ZS,Antigua and Barbuda,ATG,0.00550222,0.02265624,0.02125437,0.00856461,..,..
Capital health expenditure (% of GDP),SH.XPD.KHEX.GD.ZS,Arab World,ARB,..,..,..,..,..,..
Capital health expenditure (% of GDP),SH.XPD.KHEX.GD.ZS,Argentina,ARG,0.00970424,..,..,..,..,..
Capital health expenditure (% of GDP),SH.XPD.KHEX.GD.ZS,Armenia,ARM,0.06770249,0.02918381,0.03048215,0.05976043,..,..
Capital health expenditure (% of GDP),SH.XPD.KHEX.GD.ZS,Aruba,ABW,..,..,..,..,..,..
Capital health expenditure (% of GDP),SH.XPD.KHEX.GD.ZS,Australia,AUS,0.5034349,0.53678674,0.56263465,..,..,..
Capital health expenditure (% of GDP),SH.XPD.KHEX.GD.ZS,Austria,AUT,0.76645702,0.72154313,0.67126405,0.80341887,0.76973218,..
Capital health expenditure (% of GDP),SH.XPD.KHEX.GD.ZS,Azerbaijan,AZE,0.14217067,0.18254007,0.16484322,..,..,..
Capital health expenditure (% of GDP),SH.XPD.KHEX.GD.ZS,"Bahamas, The",BHS,..,0.07820242,0.08885519,0.12182075,..,..
Capital health expenditure (% of GDP),SH.XPD.KHEX.GD.ZS,Bahrain,BHR,..,..,..,..,..,..
Capital health expenditure (% of GDP),SH.XPD.KHEX.GD.ZS,Bangladesh,BGD,0.0291157,..,..,..,..,..
Capital health expenditure (% of GDP),SH.XPD.KHEX.GD.ZS,Barbados,BRB,0.07678612,0.18790331,0.39248982,..,..,..
Capital health expenditure (% of GDP),SH.XPD.KHEX.GD.ZS,Belarus,BLR,0.1653932,0.12676586,0.12495124,..,..,..
Capital health expenditure (% of GDP),SH.XPD.KHEX.GD.ZS,Belgium,BEL,..,..,..,..,..,..
Capital health expenditure (% of GDP),SH.XPD.KHEX.GD.ZS,Belize,BLZ,0.10920924,0.01976329,0.03558018,0.09362658,..,..
Capital health expenditure (% of GDP),SH.XPD.KHEX.GD.ZS,Benin,BEN,..,..,..,..,..,..
Capital health expenditure (% of GDP),SH.XPD.KHEX.GD.ZS,Bermuda,BMU,..,..,..,..,..,..
Capital health expenditure (% of GDP),SH.XPD.KHEX.GD.ZS,Bhutan,BTN,0.90011787,0.85157996,0.5658282,0.59886932,..,..
Capital health expenditure (% of GDP),SH.XPD.KHEX.GD.ZS,Bolivia,BOL,0.59475273,0.77348602,0.81315786,..,..,..
Capital health expenditure (% of GDP),SH.XPD.KHEX.GD.ZS,Bosnia and Herzegovina,BIH,..,..,..,..,..,..
Capital health expenditure (% of GDP),SH.XPD.KHEX.GD.ZS,Botswana,BWA,0.13817585,0.3231802,0.27252728,..,..,..
Capital health expenditure (% of GDP),SH.XPD.KHEX.GD.ZS,Brazil,BRA,0.25351474,0.3363744,0.292492,0.21212886,..,..
Capital health expenditure (% of GDP),SH.XPD.KHEX.GD.ZS,British Virgin Islands,VGB,..,..,..,..,..,..
Capital health expenditure (% of GDP),SH.XPD.KHEX.GD.ZS,Brunei Darussalam,BRN,0.15525168,0.0958964,0.06312925,..,..,..
Capital health expenditure (% of GDP),SH.XPD.KHEX.GD.ZS,Bulgaria,BGR,..,..,..,0.09868272,..,..
Capital health expenditure (% of GDP),SH.XPD.KHEX.GD.ZS,Burkina Faso,BFA,0.37227628,0.35071552,0.22920986,0.28752726,..,..
Capital health expenditure (% of GDP),SH.XPD.KHEX.GD.ZS,Burundi,BDI,..,0.23678015,..,..,..,..
Capital health expenditure (% of GDP),SH.XPD.KHEX.GD.ZS,Cabo Verde,CPV,..,..,..,..,..,..
Capital health expenditure (% of GDP),SH.XPD.KHEX.GD.ZS,Cambodia,KHM,0.04164732,0.03425035,0.05146568,..,..,..
Capital health expenditure (% of GDP),SH.XPD.KHEX.GD.ZS,Cameroon,CMR,..,0.07812227,0.11039094,..,..,..
Capital health expenditure (% of GDP),SH.XPD.KHEX.GD.ZS,Canada,CAN,0.38220248,0.38157806,0.38841924,0.47260767,0.44690365,..
Capital health expenditure (% of GDP),SH.XPD.KHEX.GD.ZS,Caribbean small states,CSS,..,..,..,..,..,..
Capital health expenditure (% of GDP),SH.XPD.KHEX.GD.ZS,Cayman Islands,CYM,..,..,..,..,..,..
Capital health expenditure (% of GDP),SH.XPD.KHEX.GD.ZS,Central African Republic,CAF,0.03225795,0.20133688,..,..,..,..
Capital health expenditure (% of GDP),SH.XPD.KHEX.GD.ZS,Central Europe and the Baltics,CEB,..,..,..,..,..,..
Capital health expenditure (% of GDP),SH.XPD.KHEX.GD.ZS,Chad,TCD,..,0.00902214,..,..,..,..
Capital health expenditure (% of GDP),SH.XPD.KHEX.GD.ZS,Channel Islands,CHI,..,..,..,..,..,..
Capital health expenditure (% of GDP),SH.XPD.KHEX.GD.ZS,Chile,CHL,0.24515237,0.24599814,..,..,..,..
Capital health expenditure (% of GDP),SH.XPD.KHEX.GD.ZS,China,CHN,0.63337505,0.63165569,0.58143049,0.62190121,..,..
Capital health expenditure (% of GDP),SH.XPD.KHEX.GD.ZS,Colombia,COL,..,..,..,..,..,..
Capital health expenditure (% of GDP),SH.XPD.KHEX.GD.ZS,Comoros,COM,..,..,1.42860985,..,..,..
Capital health expenditure (% of GDP),SH.XPD.KHEX.GD.ZS,"Congo, Dem. Rep.",COD,0.11055514,0.0617129,0.09406339,0.13557999,..,..
Capital health expenditure (% of GDP),SH.XPD.KHEX.GD.ZS,"Congo, Rep.",COG,0.18201137,0.07520649,0.04368274,0.22733893,..,..
Capital health expenditure (% of GDP),SH.XPD.KHEX.GD.ZS,Costa Rica,CRI,0.25388139,0.24196577,0.28705466,0.42787167,..,..
Capital health expenditure (% of GDP),SH.XPD.KHEX.GD.ZS,Cote d'Ivoire,CIV,0.28421304,0.42957434,0.26408978,0.85787769,..,..
Capital health expenditure (% of GDP),SH.XPD.KHEX.GD.ZS,Croatia,HRV,0.17203104,0.2287927,0.31960422,0.3259275,..,..
Capital health expenditure (% of GDP),SH.XPD.KHEX.GD.ZS,Cuba,CUB,0.16551197,0.14662668,0.09368836,0.07871302,..,..
Capital health expenditure (% of GDP),SH.XPD.KHEX.GD.ZS,Curacao,CUW,..,..,..,..,..,..
Capital health expenditure (% of GDP),SH.XPD.KHEX.GD.ZS,Cyprus,CYP,0.15312196,0.23134653,0.20121774,..,..,..
Capital health expenditure (% of GDP),SH.XPD.KHEX.GD.ZS,Czechia,CZE,0.07795929,0.11230958,0.10186018,0.11343522,..,..
Capital health expenditure (% of GDP),SH.XPD.KHEX.GD.ZS,Denmark,DNK,0.62972784,0.60799408,0.59696072,0.64600271,0.60440671,..
Capital health expenditure (% of GDP),SH.XPD.KHEX.GD.ZS,Djibouti,DJI,..,..,..,..,..,..
Capital health expenditure (% of GDP),SH.XPD.KHEX.GD.ZS,Dominica,DMA,1.23166561,0.22770032,0.59359962,0.6702494,..,..
Capital health expenditure (% of GDP),SH.XPD.KHEX.GD.ZS,Dominican Republic,DOM,0.3129181,0.25978184,..,..,..,..
Capital health expenditure (% of GDP),SH.XPD.KHEX.GD.ZS,Early-demographic dividend,EAR,..,..,..,..,..,..
Capital health expenditure (% of GDP),SH.XPD.KHEX.GD.ZS,East Asia & Pacific,EAS,..,..,..,..,..,..
Capital health expenditure (% of GDP),SH.XPD.KHEX.GD.ZS,East Asia & Pacific (excluding high income),EAP,..,..,..,..,..,..
Capital health expenditure (% of GDP),SH.XPD.KHEX.GD.ZS,East Asia & Pacific (IDA & IBRD countries),TEA,..,..,..,..,..,..
Capital health expenditure (% of GDP),SH.XPD.KHEX.GD.ZS,Ecuador,ECU,0.84224993,0.38357785,0.30371851,0.21542637,..,..
Capital health expenditure (% of GDP),SH.XPD.KHEX.GD.ZS,"Egypt, Arab Rep.",EGY,..,..,..,..,..,..
Capital health expenditure (% of GDP),SH.XPD.KHEX.GD.ZS,El Salvador,SLV,0.42633641,0.3281121,0.19238144,0.4065125,..,..
Capital health expenditure (% of GDP),SH.XPD.KHEX.GD.ZS,Equatorial Guinea,GNQ,0.16838066,0.08114436,0.06287456,0.11873401,..,..
Capital health expenditure (% of GDP),SH.XPD.KHEX.GD.ZS,Eritrea,ERI,..,..,..,..,..,..
Capital health expenditure (% of GDP),SH.XPD.KHEX.GD.ZS,Estonia,EST,0.23664057,0.26659253,0.2825515,0.41864955,..,..
Capital health expenditure (% of GDP),SH.XPD.KHEX.GD.ZS,Eswatini,SWZ,0.56400126,..,..,..,..,..
Capital health expenditure (% of GDP),SH.XPD.KHEX.GD.ZS,Ethiopia,ETH,0.33443406,..,..,0.2887629,..,..
Capital health expenditure (% of GDP),SH.XPD.KHEX.GD.ZS,Euro area,EMU,..,..,..,..,..,..
Capital health expenditure (% of GDP),SH.XPD.KHEX.GD.ZS,Europe & Central Asia,ECS,..,..,..,..,..,..
Capital health expenditure (% of GDP),SH.XPD.KHEX.GD.ZS,Europe & Central Asia (excluding high income),ECA,..,..,..,..,..,..
Capital health expenditure (% of GDP),SH.XPD.KHEX.GD.ZS,Europe & Central Asia (IDA & IBRD countries),TEC,..,..,..,..,..,..
Capital health expenditure (% of GDP),SH.XPD.KHEX.GD.ZS,European Union,EUU,..,..,..,..,..,..
Capital health expenditure (% of GDP),SH.XPD.KHEX.GD.ZS,Faroe Islands,FRO,..,..,..,..,..,..
Capital health expenditure (% of GDP),SH.XPD.KHEX.GD.ZS,Fiji,FJI,0.30935383,..,0.20593902,..,..,..
Capital health expenditure (% of GDP),SH.XPD.KHEX.GD.ZS,Finland,FIN,0.48525414,0.46117839,0.47738606,0.53417927,..,..
Capital health expenditure (% of GDP),SH.XPD.KHEX.GD.ZS,Fragile and conflict affected situations,FCS,..,..,..,..,..,..
Capital health expenditure (% of GDP),SH.XPD.KHEX.GD.ZS,France,FRA,0.51588827,0.50288767,..,..,..,..
Capital health expenditure (% of GDP),SH.XPD.KHEX.GD.ZS,French Polynesia,PYF,..,..,..,..,..,..
Capital health expenditure (% of GDP),SH.XPD.KHEX.GD.ZS,Gabon,GAB,0.13134612,0.35308269,0.19014856,..,..,..
Capital health expenditure (% of GDP),SH.XPD.KHEX.GD.ZS,"Gambia, The",GMB,0.23408702,0.272257,0.17795484,..,..,..
Capital health expenditure (% of GDP),SH.XPD.KHEX.GD.ZS,Georgia,GEO,..,0.0702749,0.05368201,..,..,..
Capital health expenditure (% of GDP),SH.XPD.KHEX.GD.ZS,Germany,DEU,..,..,..,..,..,..
Capital health expenditure (% of GDP),SH.XPD.KHEX.GD.ZS,Ghana,GHA,0.03177043,..,..,..,..,..
Capital health expenditure (% of GDP),SH.XPD.KHEX.GD.ZS,Gibraltar,GIB,..,..,..,..,..,..
Capital health expenditure (% of GDP),SH.XPD.KHEX.GD.ZS,Greece,GRC,0.22163287,0.17398532,0.18765306,..,..,..
Capital health expenditure (% of GDP),SH.XPD.KHEX.GD.ZS,Greenland,GRL,..,..,..,..,..,..
Capital health expenditure (% of GDP),SH.XPD.KHEX.GD.ZS,Grenada,GRD,0.30077618,0.17195028,0.24716707,0.24636412,..,..
Capital health expenditure (% of GDP),SH.XPD.KHEX.GD.ZS,Guam,GUM,..,..,..,..,..,..
Capital health expenditure (% of GDP),SH.XPD.KHEX.GD.ZS,Guatemala,GTM,0.06498658,0.10343788,0.12013495,0.12326115,..,..
Capital health expenditure (% of GDP),SH.XPD.KHEX.GD.ZS,Guinea,GIN,0.28192675,0.24960864,0.18798488,..,..,..
Capital health expenditure (% of GDP),SH.XPD.KHEX.GD.ZS,Guinea-Bissau,GNB,0.17551759,..,..,..,..,..
Capital health expenditure (% of GDP),SH.XPD.KHEX.GD.ZS,Guyana,GUY,0.23711008,0.23649916,0.27025029,0.36497116,..,..
Capital health expenditure (% of GDP),SH.XPD.KHEX.GD.ZS,Haiti,HTI,0.09705565,0.09930998,0.15208527,0.44952889,..,..
Capital health expenditure (% of GDP),SH.XPD.KHEX.GD.ZS,Heavily indebted poor countries (HIPC),HPC,..,..,..,..,..,..
Capital health expenditure (% of GDP),SH.XPD.KHEX.GD.ZS,High income,HIC,..,..,..,..,..,..
Capital health expenditure (% of GDP),SH.XPD.KHEX.GD.ZS,Honduras,HND,0.13803047,0.08132508,0.06970394,0.08871051,0.05291061,..
Capital health expenditure (% of GDP),SH.XPD.KHEX.GD.ZS,"Hong Kong SAR, China",HKG,..,..,..,..,..,..
Capital health expenditure (% of GDP),SH.XPD.KHEX.GD.ZS,Hungary,HUN,0.15763752,0.1748254,0.25983542,0.40411061,..,..
Capital health expenditure (% of GDP),SH.XPD.KHEX.GD.ZS,IBRD only,IBD,..,..,..,..,..,..
Capital health expenditure (% of GDP),SH.XPD.KHEX.GD.ZS,Iceland,ISL,0.23661408,0.36473116,0.30283612,0.28326222,..,..
Capital health expenditure (% of GDP),SH.XPD.KHEX.GD.ZS,IDA & IBRD total,IBT,..,..,..,..,..,..
Capital health expenditure (% of GDP),SH.XPD.KHEX.GD.ZS,IDA blend,IDB,..,..,..,..,..,..
Capital health expenditure (% of GDP),SH.XPD.KHEX.GD.ZS,IDA only,IDX,..,..,..,..,..,..
Capital health expenditure (% of GDP),SH.XPD.KHEX.GD.ZS,IDA total,IDA,..,..,..,..,..,..
Capital health expenditure (% of GDP),SH.XPD.KHEX.GD.ZS,India,IND,0.37965727,0.29732746,..,..,..,..
Capital health expenditure (% of GDP),SH.XPD.KHEX.GD.ZS,Indonesia,IDN,0.21494839,0.19273698,0.1916707,0.14868148,..,..
Capital health expenditure (% of GDP),SH.XPD.KHEX.GD.ZS,"Iran, Islamic Rep.",IRN,..,..,..,..,..,..
Capital health expenditure (% of GDP),SH.XPD.KHEX.GD.ZS,Iraq,IRQ,..,..,0.01325636,..,..,..
Capital health expenditure (% of GDP),SH.XPD.KHEX.GD.ZS,Ireland,IRL,0.38471976,0.37938884,0.29559562,0.33021426,..,..
Capital health expenditure (% of GDP),SH.XPD.KHEX.GD.ZS,Isle of Man,IMN,..,..,..,..,..,..
Capital health expenditure (% of GDP),SH.XPD.KHEX.GD.ZS,Israel,ISR,..,0.24336965,..,..,..,..
Capital health expenditure (% of GDP),SH.XPD.KHEX.GD.ZS,Italy,ITA,..,..,..,..,..,..
Capital health expenditure (% of GDP),SH.XPD.KHEX.GD.ZS,Jamaica,JAM,0.20040505,0.10491358,0.14401248,0.16384427,..,..
Capital health expenditure (% of GDP),SH.XPD.KHEX.GD.ZS,Japan,JPN,..,..,..,..,..,..
Capital health expenditure (% of GDP),SH.XPD.KHEX.GD.ZS,Jordan,JOR,..,..,..,..,..,..
Capital health expenditure (% of GDP),SH.XPD.KHEX.GD.ZS,Kazakhstan,KAZ,..,..,..,..,..,..
Capital health expenditure (% of GDP),SH.XPD.KHEX.GD.ZS,Kenya,KEN,0.56966931,0.52812511,0.49177325,..,..,..
Capital health expenditure (% of GDP),SH.XPD.KHEX.GD.ZS,Kiribati,KIR,0.12327642,0.12185647,0.35333627,0.17295635,..,..
Capital health expenditure (% of GDP),SH.XPD.KHEX.GD.ZS,"Korea, Dem. People's Rep.",PRK,..,..,..,..,..,..
Capital health expenditure (% of GDP),SH.XPD.KHEX.GD.ZS,"Korea, Rep.",KOR,..,..,..,0.41635945,..,..
Capital health expenditure (% of GDP),SH.XPD.KHEX.GD.ZS,Kosovo,XKX,..,..,..,..,..,..
Capital health expenditure (% of GDP),SH.XPD.KHEX.GD.ZS,Kuwait,KWT,0.56796497,0.60614449,0.43961766,0.53813636,..,..
Capital health expenditure (% of GDP),SH.XPD.KHEX.GD.ZS,Kyrgyz Republic,KGZ,0.20256713,0.27573386,0.34175575,..,..,..
Capital health expenditure (% of GDP),SH.XPD.KHEX.GD.ZS,Lao PDR,LAO,0.19914828,0.40121612,0.11953712,..,..,..
Capital health expenditure (% of GDP),SH.XPD.KHEX.GD.ZS,Late-demographic dividend,LTE,..,..,..,..,..,..
Capital health expenditure (% of GDP),SH.XPD.KHEX.GD.ZS,Latin America & Caribbean,LCN,..,..,..,..,..,..
Capital health expenditure (% of GDP),SH.XPD.KHEX.GD.ZS,Latin America & Caribbean (excluding high income),LAC,..,..,..,..,..,..
Capital health expenditure (% of GDP),SH.XPD.KHEX.GD.ZS,Latin America & the Caribbean (IDA & IBRD countries),TLA,..,..,..,..,..,..
Capital health expenditure (% of GDP),SH.XPD.KHEX.GD.ZS,Latvia,LVA,..,..,..,..,..,..
Capital health expenditure (% of GDP),SH.XPD.KHEX.GD.ZS,Least developed countries: UN classification,LDC,..,..,..,..,..,..
Capital health expenditure (% of GDP),SH.XPD.KHEX.GD.ZS,Lebanon,LBN,..,..,..,..,..,..
Capital health expenditure (% of GDP),SH.XPD.KHEX.GD.ZS,Lesotho,LSO,0.25892186,..,..,..,..,..
Capital health expenditure (% of GDP),SH.XPD.KHEX.GD.ZS,Liberia,LBR,0.00752766,..,0.26888984,..,..,..
Capital health expenditure (% of GDP),SH.XPD.KHEX.GD.ZS,Libya,LBY,..,..,..,..,..,..
Capital health expenditure (% of GDP),SH.XPD.KHEX.GD.ZS,Liechtenstein,LIE,..,..,..,..,..,..
Capital health expenditure (% of GDP),SH.XPD.KHEX.GD.ZS,Lithuania,LTU,..,..,..,..,..,..
Capital health expenditure (% of GDP),SH.XPD.KHEX.GD.ZS,Low & middle income,LMY,..,..,..,..,..,..
Capital health expenditure (% of GDP),SH.XPD.KHEX.GD.ZS,Low income,LIC,..,..,..,..,..,..
Capital health expenditure (% of GDP),SH.XPD.KHEX.GD.ZS,Lower middle income,LMC,..,..,..,..,..,..
Capital health expenditure (% of GDP),SH.XPD.KHEX.GD.ZS,Luxembourg,LUX,..,..,..,..,..,..
Capital health expenditure (% of GDP),SH.XPD.KHEX.GD.ZS,"Macao SAR, China",MAC,..,..,..,..,..,..
Capital health expenditure (% of GDP),SH.XPD.KHEX.GD.ZS,Madagascar,MDG,..,..,..,..,..,..
Capital health expenditure (% of GDP),SH.XPD.KHEX.GD.ZS,Malawi,MWI,0.36429116,0.4188616,..,..,..,..
Capital health expenditure (% of GDP),SH.XPD.KHEX.GD.ZS,Malaysia,MYS,0.1416183,0.15591599,0.17471758,0.35155252,..,..
Capital health expenditure (% of GDP),SH.XPD.KHEX.GD.ZS,Maldives,MDV,1.99034894,1.47087836,1.33045006,1.91248763,..,..
Capital health expenditure (% of GDP),SH.XPD.KHEX.GD.ZS,Mali,MLI,0.18864344,0.04446506,..,..,..,..
Capital health expenditure (% of GDP),SH.XPD.KHEX.GD.ZS,Malta,MLT,0.18261051,0.24581198,0.19694456,0.23597118,..,..
Capital health expenditure (% of GDP),SH.XPD.KHEX.GD.ZS,Marshall Islands,MHL,0.24351934,0.24774864,0.10614072,0.16431968,..,..
Capital health expenditure (% of GDP),SH.XPD.KHEX.GD.ZS,Mauritania,MRT,0.32609522,..,..,..,..,..
Capital health expenditure (% of GDP),SH.XPD.KHEX.GD.ZS,Mauritius,MUS,..,..,..,..,..,..
Capital health expenditure (% of GDP),SH.XPD.KHEX.GD.ZS,Mexico,MEX,0.07024644,0.0847646,0.06371105,0.13521963,..,..
Capital health expenditure (% of GDP),SH.XPD.KHEX.GD.ZS,"Micronesia, Fed. Sts.",FSM,0.39029238,0.39869827,0.61387002,..,..,..
Capital health expenditure (% of GDP),SH.XPD.KHEX.GD.ZS,Middle East & North Africa,MEA,..,..,..,..,..,..
Capital health expenditure (% of GDP),SH.XPD.KHEX.GD.ZS,Middle East & North Africa (excluding high income),MNA,..,..,..,..,..,..
Capital health expenditure (% of GDP),SH.XPD.KHEX.GD.ZS,Middle East & North Africa (IDA & IBRD countries),TMN,..,..,..,..,..,..
Capital health expenditure (% of GDP),SH.XPD.KHEX.GD.ZS,Middle income,MIC,..,..,..,..,..,..
Capital health expenditure (% of GDP),SH.XPD.KHEX.GD.ZS,Moldova,MDA,0.5407936,0.44774324,..,..,..,..
Capital health expenditure (% of GDP),SH.XPD.KHEX.GD.ZS,Monaco,MCO,..,..,..,..,..,..
Capital health expenditure (% of GDP),SH.XPD.KHEX.GD.ZS,Mongolia,MNG,0.45265353,0.33838451,0.4125585,0.36802548,..,..
Capital health expenditure (% of GDP),SH.XPD.KHEX.GD.ZS,Montenegro,MNE,0.06722493,0.07806133,0.08887094,0.17612064,..,..
Capital health expenditure (% of GDP),SH.XPD.KHEX.GD.ZS,Morocco,MAR,..,0.1642874,..,..,..,..
Capital health expenditure (% of GDP),SH.XPD.KHEX.GD.ZS,Mozambique,MOZ,..,..,0.63825524,0.80805409,..,..
Capital health expenditure (% of GDP),SH.XPD.KHEX.GD.ZS,Myanmar,MMR,0.39614236,0.29075888,0.26500329,0.24464553,..,..
Capital health expenditure (% of GDP),SH.XPD.KHEX.GD.ZS,Namibia,NAM,0.28825417,..,..,..,..,..
Capital health expenditure (% of GDP),SH.XPD.KHEX.GD.ZS,Nauru,NRU,1.33229661,..,0.59765369,0.75600529,..,..
Capital health expenditure (% of GDP),SH.XPD.KHEX.GD.ZS,Nepal,NPL,0.46851069,0.35502851,0.31829783,0.53387177,..,..
Capital health expenditure (% of GDP),SH.XPD.KHEX.GD.ZS,Netherlands,NLD,..,..,..,..,..,..
Capital health expenditure (% of GDP),SH.XPD.KHEX.GD.ZS,New Caledonia,NCL,..,..,..,..,..,..
Capital health expenditure (% of GDP),SH.XPD.KHEX.GD.ZS,New Zealand,NZL,..,..,..,..,..,..
Capital health expenditure (% of GDP),SH.XPD.KHEX.GD.ZS,Nicaragua,NIC,0.32674524,0.28815392,0.28867826,0.61670667,..,..
Capital health expenditure (% of GDP),SH.XPD.KHEX.GD.ZS,Niger,NER,0.24175861,0.34318942,0.53103071,0.2665543,..,..
Capital health expenditure (% of GDP),SH.XPD.KHEX.GD.ZS,Nigeria,NGA,0.13156208,0.26808563,0.13931435,0.17311247,..,..
Capital health expenditure (% of GDP),SH.XPD.KHEX.GD.ZS,North America,NAC,..,..,..,..,..,..
Capital health expenditure (% of GDP),SH.XPD.KHEX.GD.ZS,North Macedonia,MKD,0.21409726,0.0735982,0.1369745,0.10123245,..,..
Capital health expenditure (% of GDP),SH.XPD.KHEX.GD.ZS,Northern Mariana Islands,MNP,..,..,..,..,..,..
Capital health expenditure (% of GDP),SH.XPD.KHEX.GD.ZS,Norway,NOR,0.49617919,0.51360476,0.61218178,0.73517704,0.67824507,..
Capital health expenditure (% of GDP),SH.XPD.KHEX.GD.ZS,Not classified,INX,..,..,..,..,..,..
Capital health expenditure (% of GDP),SH.XPD.KHEX.GD.ZS,OECD members,OED,..,..,..,..,..,..
Capital health expenditure (% of GDP),SH.XPD.KHEX.GD.ZS,Oman,OMN,..,..,..,..,..,..
Capital health expenditure (% of GDP),SH.XPD.KHEX.GD.ZS,Other small states,OSS,..,..,..,..,..,..
Capital health expenditure (% of GDP),SH.XPD.KHEX.GD.ZS,Pacific island small states,PSS,..,..,..,..,..,..
Capital health expenditure (% of GDP),SH.XPD.KHEX.GD.ZS,Pakistan,PAK,..,0.24972818,..,0.13191075,..,..
Capital health expenditure (% of GDP),SH.XPD.KHEX.GD.ZS,Palau,PLW,0.19859649,0.08421053,0.72627735,..,..,..
Capital health expenditure (% of GDP),SH.XPD.KHEX.GD.ZS,Panama,PAN,0.7458238,0.81678742,0.81463385,0.94090825,..,..
Capital health expenditure (% of GDP),SH.XPD.KHEX.GD.ZS,Papua New Guinea,PNG,0.11018947,0.43369707,0.25426292,0.25301015,..,..
Capital health expenditure (% of GDP),SH.XPD.KHEX.GD.ZS,Paraguay,PRY,0.20337161,0.1783295,0.18398903,0.23817573,..,..
Capital health expenditure (% of GDP),SH.XPD.KHEX.GD.ZS,Peru,PER,0.33096531,0.33155125,0.34131956,0.4066585,..,..
Capital health expenditure (% of GDP),SH.XPD.KHEX.GD.ZS,Philippines,PHL,0.50983244,0.69262439,0.43237111,0.49358261,0.36699748,..
Capital health expenditure (% of GDP),SH.XPD.KHEX.GD.ZS,Poland,POL,..,..,..,..,..,..
Capital health expenditure (% of GDP),SH.XPD.KHEX.GD.ZS,Portugal,PRT,..,..,..,..,..,..
Capital health expenditure (% of GDP),SH.XPD.KHEX.GD.ZS,Post-demographic dividend,PST,..,..,..,..,..,..
Capital health expenditure (% of GDP),SH.XPD.KHEX.GD.ZS,Pre-demographic dividend,PRE,..,..,..,..,..,..
Capital health expenditure (% of GDP),SH.XPD.KHEX.GD.ZS,Puerto Rico,PRI,..,..,..,..,..,..
Capital health expenditure (% of GDP),SH.XPD.KHEX.GD.ZS,Qatar,QAT,..,..,..,..,..,..
Capital health expenditure (% of GDP),SH.XPD.KHEX.GD.ZS,Romania,ROU,..,..,..,..,..,..
Capital health expenditure (% of GDP),SH.XPD.KHEX.GD.ZS,Russian Federation,RUS,0.13661347,0.13438486,0.13515124,..,..,..
Capital health expenditure (% of GDP),SH.XPD.KHEX.GD.ZS,Rwanda,RWA,..,..,..,..,..,..
Capital health expenditure (% of GDP),SH.XPD.KHEX.GD.ZS,Samoa,WSM,0,0.00174416,0.01575927,0.17236899,..,..
Capital health expenditure (% of GDP),SH.XPD.KHEX.GD.ZS,San Marino,SMR,0.13474786,0.16106416,0.16950804,0.16243468,..,..
Capital health expenditure (% of GDP),SH.XPD.KHEX.GD.ZS,Sao Tome and Principe,STP,0.61551064,..,..,..,..,..
Capital health expenditure (% of GDP),SH.XPD.KHEX.GD.ZS,Saudi Arabia,SAU,..,..,..,..,..,..
Capital health expenditure (% of GDP),SH.XPD.KHEX.GD.ZS,Senegal,SEN,0.32684988,0.1870963,0.55649453,0.76526505,..,..
Capital health expenditure (% of GDP),SH.XPD.KHEX.GD.ZS,Serbia,SRB,0.31177941,0.28461522,..,..,..,..
Capital health expenditure (% of GDP),SH.XPD.KHEX.GD.ZS,Seychelles,SYC,2.64861917,..,..,..,..,..
Capital health expenditure (% of GDP),SH.XPD.KHEX.GD.ZS,Sierra Leone,SLE,0.2312635,0.67916507,..,..,..,..
Capital health expenditure (% of GDP),SH.XPD.KHEX.GD.ZS,Singapore,SGP,0.30921975,0.29305571,0.27407989,..,..,..
Capital health expenditure (% of GDP),SH.XPD.KHEX.GD.ZS,Sint Maarten (Dutch part),SXM,..,..,..,..,..,..
Capital health expenditure (% of GDP),SH.XPD.KHEX.GD.ZS,Slovak Republic,SVK,..,..,..,..,..,..
Capital health expenditure (% of GDP),SH.XPD.KHEX.GD.ZS,Slovenia,SVN,..,..,..,..,..,..
Capital health expenditure (% of GDP),SH.XPD.KHEX.GD.ZS,Small states,SST,..,..,..,..,..,..
Capital health expenditure (% of GDP),SH.XPD.KHEX.GD.ZS,Solomon Islands,SLB,0.12553054,0.15972695,0.33535209,0.13375381,..,..
Capital health expenditure (% of GDP),SH.XPD.KHEX.GD.ZS,Somalia,SOM,..,..,..,..,..,..
Capital health expenditure (% of GDP),SH.XPD.KHEX.GD.ZS,South Africa,ZAF,..,..,..,..,..,..
Capital health expenditure (% of GDP),SH.XPD.KHEX.GD.ZS,South Asia,SAS,..,..,..,..,..,..
Capital health expenditure (% of GDP),SH.XPD.KHEX.GD.ZS,South Asia (IDA & IBRD),TSA,..,..,..,..,..,..
Capital health expenditure (% of GDP),SH.XPD.KHEX.GD.ZS,South Sudan,SSD,0.44426802,..,..,..,..,..
Capital health expenditure (% of GDP),SH.XPD.KHEX.GD.ZS,Spain,ESP,..,..,..,..,..,..
Capital health expenditure (% of GDP),SH.XPD.KHEX.GD.ZS,Sri Lanka,LKA,0.33244002,0.28150919,..,..,..,..
Capital health expenditure (% of GDP),SH.XPD.KHEX.GD.ZS,St. Kitts and Nevis,KNA,0.21138583,0.21144725,0.30997029,0.48191065,..,..
Capital health expenditure (% of GDP),SH.XPD.KHEX.GD.ZS,St. Lucia,LCA,0.23453592,0.10026417,0.15367885,0.21135405,..,..
Capital health expenditure (% of GDP),SH.XPD.KHEX.GD.ZS,St. Martin (French part),MAF,..,..,..,..,..,..
Capital health expenditure (% of GDP),SH.XPD.KHEX.GD.ZS,St. Vincent and the Grenadines,VCT,0.23256558,0.07917976,0.28057367,0.32228756,..,..
Capital health expenditure (% of GDP),SH.XPD.KHEX.GD.ZS,Sub-Saharan Africa,SSF,..,..,..,..,..,..
Capital health expenditure (% of GDP),SH.XPD.KHEX.GD.ZS,Sub-Saharan Africa (excluding high income),SSA,..,..,..,..,..,..
Capital health expenditure (% of GDP),SH.XPD.KHEX.GD.ZS,Sub-Saharan Africa (IDA & IBRD countries),TSS,..,..,..,..,..,..
Capital health expenditure (% of GDP),SH.XPD.KHEX.GD.ZS,Sudan,SDN,..,0.17232621,..,..,..,..
Capital health expenditure (% of GDP),SH.XPD.KHEX.GD.ZS,Suriname,SUR,..,..,..,..,..,..
Capital health expenditure (% of GDP),SH.XPD.KHEX.GD.ZS,Sweden,SWE,0.54182684,0.58761811,0.59766883,0.48069501,..,..
Capital health expenditure (% of GDP),SH.XPD.KHEX.GD.ZS,Switzerland,CHE,..,..,..,..,..,..
Capital health expenditure (% of GDP),SH.XPD.KHEX.GD.ZS,Syrian Arab Republic,SYR,..,..,..,..,..,..
Capital health expenditure (% of GDP),SH.XPD.KHEX.GD.ZS,Tajikistan,TJK,0.13300431,0.21660879,0.07518645,0.69915909,..,..
Capital health expenditure (% of GDP),SH.XPD.KHEX.GD.ZS,Tanzania,TZA,..,..,..,..,..,..
Capital health expenditure (% of GDP),SH.XPD.KHEX.GD.ZS,Thailand,THA,0.22807913,0.23306409,0.19384837,0.20093964,..,..
Capital health expenditure (% of GDP),SH.XPD.KHEX.GD.ZS,Timor-Leste,TLS,0.4894802,0.05050505,0.01173709,..,..,..
Capital health expenditure (% of GDP),SH.XPD.KHEX.GD.ZS,Togo,TGO,0.38820601,0.46553299,0.37068945,..,..,..
Capital health expenditure (% of GDP),SH.XPD.KHEX.GD.ZS,Tonga,TON,0.17938122,0.17383039,0.16275981,0.15861924,..,..
Capital health expenditure (% of GDP),SH.XPD.KHEX.GD.ZS,Trinidad and Tobago,TTO,0.15886861,0.19162789,0.22160815,0.30824065,..,..
Capital health expenditure (% of GDP),SH.XPD.KHEX.GD.ZS,Tunisia,TUN,..,..,..,..,..,..
Capital health expenditure (% of GDP),SH.XPD.KHEX.GD.ZS,Turkiye,TUR,0.30846807,0.27231786,0.29630437,0.33425876,..,..
Capital health expenditure (% of GDP),SH.XPD.KHEX.GD.ZS,Turkmenistan,TKM,..,..,..,..,..,..
Capital health expenditure (% of GDP),SH.XPD.KHEX.GD.ZS,Turks and Caicos Islands,TCA,..,..,..,..,..,..
Capital health expenditure (% of GDP),SH.XPD.KHEX.GD.ZS,Tuvalu,TUV,..,0.4262203,0.88461536,..,..,..
Capital health expenditure (% of GDP),SH.XPD.KHEX.GD.ZS,Uganda,UGA,0.12383905,0.10582525,0.15757895,..,..,..
Capital health expenditure (% of GDP),SH.XPD.KHEX.GD.ZS,Ukraine,UKR,0.3088249,0.28270075,0.27371028,1.24912989,..,..
Capital health expenditure (% of GDP),SH.XPD.KHEX.GD.ZS,United Arab Emirates,ARE,..,..,..,0.03421129,..,..
Capital health expenditure (% of GDP),SH.XPD.KHEX.GD.ZS,United Kingdom,GBR,0.3042711,0.32119501,0.32590145,0.43378359,..,..
Capital health expenditure (% of GDP),SH.XPD.KHEX.GD.ZS,United States,USA,0.66450745,0.65776622,0.64902151,0.63425934,..,..
Capital health expenditure (% of GDP),SH.XPD.KHEX.GD.ZS,Upper middle income,UMC,..,..,..,..,..,..
Capital health expenditure (% of GDP),SH.XPD.KHEX.GD.ZS,Uruguay,URY,0.22498514,0.20157413,0.20949771,0.15481637,..,..
Capital health expenditure (% of GDP),SH.XPD.KHEX.GD.ZS,Uzbekistan,UZB,0.27891243,0.40021503,0.07807273,0.10240139,..,..
Capital health expenditure (% of GDP),SH.XPD.KHEX.GD.ZS,Vanuatu,VUT,0.04092248,0.04149554,0.14298169,0.29073006,..,..
Capital health expenditure (% of GDP),SH.XPD.KHEX.GD.ZS,"Venezuela, RB",VEN,0.00044319,..,..,..,..,..
Capital health expenditure (% of GDP),SH.XPD.KHEX.GD.ZS,Vietnam,VNM,0.31951338,0.26258859,..,0.28886077,..,..
Capital health expenditure (% of GDP),SH.XPD.KHEX.GD.ZS,Virgin Islands (U.S.),VIR,..,..,..,..,..,..
Capital health expenditure (% of GDP),SH.XPD.KHEX.GD.ZS,West Bank and Gaza,PSE,..,..,..,..,..,..
Capital health expenditure (% of GDP),SH.XPD.KHEX.GD.ZS,World,WLD,..,..,..,..,..,..
Capital health expenditure (% of GDP),SH.XPD.KHEX.GD.ZS,"Yemen, Rep.",YEM,..,..,..,..,..,..
Capital health expenditure (% of GDP),SH.XPD.KHEX.GD.ZS,Zambia,ZMB,..,..,..,..,..,..
Capital health expenditure (% of GDP),SH.XPD.KHEX.GD.ZS,Zimbabwe,ZWE,0.07580079,0.1727162,1.52644157,0.11873686,..,..
,,,,,,,,,
,,,,,,,,,
,,,,,,,,,
Data from database: Health Nutrition and Population Statistics,,,,,,,,,
Last Updated: 07/05/2023,,,,,,,,,
Code,License Type,Indicator Name,Long definition,Source,Topic,Periodicity,Aggregation method,Statistical concept and methodology,Development relevance,Notes from original source
SH.XPD.KHEX.GD.ZS,CC BY-4.0,Capital health expenditure (% of GDP),"Level of capital investments on health expressed as a percentage of GDP.  Capital health investments include health infrastructure (buildings, machinery, IT) and stocks of vaccines for emergency or outbreaks.","World Health Organization Global Health Expenditure database (http://apps.who.int/nha/database). The data was retrieved on April 7, 2023.",Health: Health systems,Annual,Weighted average,"The health expenditure estimates have been prepared by the World Health Organization under the framework of the System of Health Accounts 2011 (SHA 2011).  The Health SHA 2011 tracks all health spending in a given country over a defined period of time regardless of the entity or institution that financed and managed that spending. It generates consistent and comprehensive data on health spending in a country, which in turn can contribute to evidence-based policy-making.","Strengthening health financing is one objective of Sustainable Development Goal 3 (SDG target 3.c).  The levels and trends of health expenditure data identify key issues such as weaknesses and strengths and areas that need investment, for instance additional health facilities, better health information systems, or better trained human resources.  Health financing is also critical for reaching universal health coverage (UHC) defined as all people obtaining the quality health services they need without suffering financial hardship (SDG 3.8).  The data on out-of-pocket spending is a key indicator with regard to financial protection and hence of progress towards UHC.",The World Health Organization (WHO) has revised health expenditure data using the new international classification for health expenditures in the revised System of Health Accounts (SHA 2011).  WHO�s Global Health Expenditure Database in this new version is the reference source for health expenditure for international comparison imbedded in a standardized framework.  The SHA 2011 clarifies the financing mechanisms and introduces new dimensions which improve the comparability of health expenditures in the perspective of universal health coverage.
